Timestamp, Total Electric Usage (C), Total Electric Demand (C)
2023-09-30 23:45:00,21.3125,85.25
2023-10-01 00:00:00,20.0,80.0
2023-10-01 00:15:00,19.75,79.0
2023-10-01 00:30:00,19.8125,79.25
2023-10-01 00:45:00,19.75,79.0
2023-10-01 01:00:00,20.4375,81.75
2023-10-01 01:15:00,19.9375,79.75
2023-10-01 01:30:00,19.875,79.5
2023-10-01 01:45:00,19.8125,79.25
2023-10-01 02:00:00,19.6875,78.75
2023-10-01 02:15:00,20.375,81.5
2023-10-01 02:30:00,19.875,79.5
2023-10-01 02:45:00,20.625,82.5
2023-10-01 03:00:00,20.5,82.0
2023-10-01 03:15:00,19.6875,78.75
2023-10-01 03:30:00,20.25,81.0
2023-10-01 03:45:00,19.9375,79.75
2023-10-01 04:00:00,19.6875,78.75
2023-10-01 04:15:00,19.75,79.0
2023-10-01 04:30:00,19.8125,79.25
2023-10-01 04:45:00,20.4375,81.75
2023-10-01 05:00:00,20.125,80.5
2023-10-01 05:15:00,19.9375,79.75
2023-10-01 05:30:00,19.75,79.0
2023-10-01 05:45:00,19.6875,78.75
2023-10-01 06:00:00,20.875,83.5
2023-10-01 06:15:00,21.125,84.5
2023-10-01 06:30:00,19.625,78.5
2023-10-01 06:45:00,19.6875,78.75
2023-10-01 07:00:00,20.0,80.0
2023-10-01 07:15:00,20.3125,81.25
2023-10-01 07:30:00,19.9375,79.75
2023-10-01 07:45:00,19.75,79.0
2023-10-01 08:00:00,19.75,79.0
2023-10-01 08:15:00,20.25,81.0
2023-10-01 08:30:00,20.1875,80.75
2023-10-01 08:45:00,19.8125,79.25
2023-10-01 09:00:00,20.25,81.0
2023-10-01 09:15:00,39.5,158.0
2023-10-01 09:30:00,36.625,146.5
2023-10-01 09:45:00,35.6875,142.75
2023-10-01 10:00:00,34.625,138.5
2023-10-01 10:15:00,34.375,137.5
2023-10-01 10:30:00,34.5625,138.25
2023-10-01 10:45:00,34.75,139.0
2023-10-01 11:00:00,34.4375,137.75
2023-10-01 11:15:00,33.875,135.5
2023-10-01 11:30:00,33.6875,134.75
2023-10-01 11:45:00,33.625,134.5
2023-10-01 12:00:00,33.6875,134.75
2023-10-01 12:15:00,33.3125,133.25
2023-10-01 12:30:00,33.125,132.5
2023-10-01 12:45:00,33.1875,132.75
2023-10-01 13:00:00,33.1875,132.75
2023-10-01 13:15:00,22.25,89.0
2023-10-01 13:30:00,20.5,82.0
2023-10-01 13:45:00,20.0625,80.25
2023-10-01 14:00:00,19.9375,79.75
2023-10-01 14:15:00,20.25,81.0
2023-10-01 14:30:00,22.25,89.0
2023-10-01 14:45:00,20.25,81.0
2023-10-01 15:00:00,20.0625,80.25
2023-10-01 15:15:00,19.9375,79.75
2023-10-01 15:30:00,19.9375,79.75
2023-10-01 15:45:00,20.5,82.0
2023-10-01 16:00:00,19.9375,79.75
2023-10-01 16:15:00,20.0,80.0
2023-10-01 16:30:00,20.125,80.5
2023-10-01 16:45:00,20.1875,80.75
2023-10-01 17:00:00,20.3125,81.25
2023-10-01 17:15:00,19.8125,79.25
2023-10-01 17:30:00,20.0,80.0
2023-10-01 17:45:00,21.0625,84.25
2023-10-01 18:00:00,20.9375,83.75
2023-10-01 18:15:00,20.25,81.0
2023-10-01 18:30:00,19.9375,79.75
2023-10-01 18:45:00,19.75,79.0
2023-10-01 19:00:00,19.8125,79.25
2023-10-01 19:15:00,20.4375,81.75
2023-10-01 19:30:00,20.125,80.5
2023-10-01 19:45:00,19.9375,79.75
2023-10-01 20:00:00,19.9375,79.75
2023-10-01 20:15:00,20.125,80.5
2023-10-01 20:30:00,20.875,83.5
2023-10-01 20:45:00,20.0625,80.25
2023-10-01 21:00:00,20.0,80.0
2023-10-01 21:15:00,21.125,84.5
2023-10-01 21:30:00,20.375,81.5
2023-10-01 21:45:00,20.5,82.0
2023-10-01 22:00:00,19.875,79.5
2023-10-01 22:15:00,19.6875,78.75
2023-10-01 22:30:00,19.8125,79.25
2023-10-01 22:45:00,20.6875,82.75
2023-10-01 23:00:00,20.375,81.5
2023-10-01 23:15:00,20.3125,81.25
2023-10-01 23:30:00,20.0625,80.25
2023-10-01 23:45:00,20.0625,80.25
2023-10-02 00:00:00,20.8125,83.25
2023-10-02 00:15:00,20.3125,81.25
2023-10-02 00:30:00,20.125,80.5
2023-10-02 00:45:00,19.75,79.0
2023-10-02 01:00:00,19.8125,79.25
2023-10-02 01:15:00,21.625,86.5
2023-10-02 01:30:00,20.0625,80.25
2023-10-02 01:45:00,19.6875,78.75
2023-10-02 02:00:00,19.75,79.0
2023-10-02 02:15:00,20.125,80.5
2023-10-02 02:30:00,20.375,81.5
2023-10-02 02:45:00,19.8125,79.25
2023-10-02 03:00:00,19.8125,79.25
2023-10-02 03:15:00,19.875,79.5
2023-10-02 03:30:00,20.25,81.0
2023-10-02 03:45:00,20.3125,81.25
2023-10-02 04:00:00,20.0,80.0
2023-10-02 04:15:00,20.375,81.5
2023-10-02 04:30:00,20.4375,81.75
2023-10-02 04:45:00,20.75,83.0
2023-10-02 05:00:00,20.3125,81.25
2023-10-02 05:15:00,20.1875,80.75
2023-10-02 05:30:00,19.75,79.0
2023-10-02 05:45:00,19.75,79.0
2023-10-02 06:00:00,20.9375,83.75
2023-10-02 06:15:00,37.1875,148.75
2023-10-02 06:30:00,35.5625,142.25
2023-10-02 06:45:00,33.5625,134.25
2023-10-02 07:00:00,33.9375,135.75
2023-10-02 07:15:00,34.8125,139.25
2023-10-02 07:30:00,34.25,137.0
2023-10-02 07:45:00,34.875,139.5
2023-10-02 08:00:00,36.125,144.5
2023-10-02 08:15:00,37.375,149.5
2023-10-02 08:30:00,37.8125,151.25
2023-10-02 08:45:00,37.6875,150.75
2023-10-02 09:00:00,38.4375,153.75
2023-10-02 09:15:00,39.375,157.5
2023-10-02 09:30:00,40.125,160.5
2023-10-02 09:45:00,40.0,160.0
2023-10-02 10:00:00,40.9375,163.75
2023-10-02 10:15:00,41.0,164.0
2023-10-02 10:30:00,42.0625,168.25
2023-10-02 10:45:00,41.9375,167.75
2023-10-02 11:00:00,41.5625,166.25
2023-10-02 11:15:00,42.4375,169.75
2023-10-02 11:30:00,44.625,178.5
2023-10-02 11:45:00,44.75,179.0
2023-10-02 12:00:00,44.125,176.5
2023-10-02 12:15:00,45.8125,183.25
2023-10-02 12:30:00,44.8125,179.25
2023-10-02 12:45:00,44.25,177.0
2023-10-02 13:00:00,42.6875,170.75
2023-10-02 13:15:00,41.9375,167.75
2023-10-02 13:30:00,41.5,166.0
2023-10-02 13:45:00,41.4375,165.75
2023-10-02 14:00:00,41.6875,166.75
2023-10-02 14:15:00,43.0625,172.25
2023-10-02 14:30:00,43.3125,173.25
2023-10-02 14:45:00,43.5,174.0
2023-10-02 15:00:00,42.1875,168.75
2023-10-02 15:15:00,42.0,168.0
2023-10-02 15:30:00,42.6875,170.75
2023-10-02 15:45:00,41.6875,166.75
2023-10-02 16:00:00,42.75,171.0
2023-10-02 16:15:00,41.9375,167.75
2023-10-02 16:30:00,41.375,165.5
2023-10-02 16:45:00,41.125,164.5
2023-10-02 17:00:00,38.9375,155.75
2023-10-02 17:15:00,38.6875,154.75
2023-10-02 17:30:00,39.3125,157.25
2023-10-02 17:45:00,38.375,153.5
2023-10-02 18:00:00,38.3125,153.25
2023-10-02 18:15:00,36.5625,146.25
2023-10-02 18:30:00,35.6875,142.75
2023-10-02 18:45:00,35.25,141.0
2023-10-02 19:00:00,36.0625,144.25
2023-10-02 19:15:00,35.75,143.0
2023-10-02 19:30:00,35.625,142.5
2023-10-02 19:45:00,35.375,141.5
2023-10-02 20:00:00,37.125,148.5
2023-10-02 20:15:00,36.125,144.5
2023-10-02 20:30:00,35.1875,140.75
2023-10-02 20:45:00,35.125,140.5
2023-10-02 21:00:00,34.875,139.5
2023-10-02 21:15:00,36.3125,145.25
2023-10-02 21:30:00,35.5,142.0
2023-10-02 21:45:00,34.75,139.0
2023-10-02 22:00:00,34.1875,136.75
2023-10-02 22:15:00,22.4375,89.75
2023-10-02 22:30:00,21.6875,86.75
2023-10-02 22:45:00,20.875,83.5
2023-10-02 23:00:00,20.75,83.0
2023-10-02 23:15:00,22.25,89.0
2023-10-02 23:30:00,21.3125,85.25
2023-10-02 23:45:00,21.4375,85.75
2023-10-03 00:00:00,20.5625,82.25
2023-10-03 00:15:00,20.5625,82.25
2023-10-03 00:30:00,20.5625,82.25
2023-10-03 00:45:00,20.9375,83.75
2023-10-03 01:00:00,20.3125,81.25
2023-10-03 01:15:00,19.875,79.5
2023-10-03 01:30:00,19.875,79.5
2023-10-03 01:45:00,19.8125,79.25
2023-10-03 02:00:00,20.375,81.5
2023-10-03 02:15:00,20.0625,80.25
2023-10-03 02:30:00,19.75,79.0
2023-10-03 02:45:00,19.9375,79.75
2023-10-03 03:00:00,21.0625,84.25
2023-10-03 03:15:00,20.625,82.5
2023-10-03 03:30:00,19.875,79.5
2023-10-03 03:45:00,19.8125,79.25
2023-10-03 04:00:00,19.875,79.5
2023-10-03 04:15:00,20.5,82.0
2023-10-03 04:30:00,21.3125,85.25
2023-10-03 04:45:00,20.375,81.5
2023-10-03 05:00:00,20.5,82.0
2023-10-03 05:15:00,20.375,81.5
2023-10-03 05:30:00,20.375,81.5
2023-10-03 05:45:00,20.8125,83.25
2023-10-03 06:00:00,20.0,80.0
2023-10-03 06:15:00,36.625,146.5
2023-10-03 06:30:00,34.3125,137.25
2023-10-03 06:45:00,34.125,136.5
2023-10-03 07:00:00,33.0625,132.25
2023-10-03 07:15:00,34.625,138.5
2023-10-03 07:30:00,34.1875,136.75
2023-10-03 07:45:00,34.1875,136.75
2023-10-03 08:00:00,35.6875,142.75
2023-10-03 08:15:00,37.0625,148.25
2023-10-03 08:30:00,37.5625,150.25
2023-10-03 08:45:00,37.5625,150.25
2023-10-03 09:00:00,38.875,155.5
2023-10-03 09:15:00,38.625,154.5
2023-10-03 09:30:00,39.6875,158.75
2023-10-03 09:45:00,40.5,162.0
2023-10-03 10:00:00,41.8125,167.25
2023-10-03 10:15:00,41.5625,166.25
2023-10-03 10:30:00,41.5,166.0
2023-10-03 10:45:00,40.75,163.0
2023-10-03 11:00:00,40.875,163.5
2023-10-03 11:15:00,42.75,171.0
2023-10-03 11:30:00,41.4375,165.75
2023-10-03 11:45:00,40.5625,162.25
2023-10-03 12:00:00,41.1875,164.75
2023-10-03 12:15:00,41.375,165.5
2023-10-03 12:30:00,42.5625,170.25
2023-10-03 12:45:00,42.6875,170.75
2023-10-03 13:00:00,42.25,169.0
2023-10-03 13:15:00,42.0,168.0
2023-10-03 13:30:00,42.4375,169.75
2023-10-03 13:45:00,41.5,166.0
2023-10-03 14:00:00,41.3125,165.25
2023-10-03 14:15:00,43.1875,172.75
2023-10-03 14:30:00,42.6875,170.75
2023-10-03 14:45:00,43.4375,173.75
2023-10-03 15:00:00,42.0625,168.25
2023-10-03 15:15:00,41.875,167.5
2023-10-03 15:30:00,42.125,168.5
2023-10-03 15:45:00,41.9375,167.75
2023-10-03 16:00:00,41.1875,164.75
2023-10-03 16:15:00,40.5625,162.25
2023-10-03 16:30:00,39.9375,159.75
2023-10-03 16:45:00,39.25,157.0
2023-10-03 17:00:00,40.25,161.0
2023-10-03 17:15:00,36.9375,147.75
2023-10-03 17:30:00,36.0625,144.25
2023-10-03 17:45:00,35.75,143.0
2023-10-03 18:00:00,37.0625,148.25
2023-10-03 18:15:00,36.25,145.0
2023-10-03 18:30:00,35.8125,143.25
2023-10-03 18:45:00,35.5625,142.25
2023-10-03 19:00:00,35.125,140.5
2023-10-03 19:15:00,35.1875,140.75
2023-10-03 19:30:00,34.3125,137.25
2023-10-03 19:45:00,34.3125,137.25
2023-10-03 20:00:00,34.0,136.0
2023-10-03 20:15:00,34.375,137.5
2023-10-03 20:30:00,33.625,134.5
2023-10-03 20:45:00,33.0625,132.25
2023-10-03 21:00:00,32.75,131.0
2023-10-03 21:15:00,32.625,130.5
2023-10-03 21:30:00,32.8125,131.25
2023-10-03 21:45:00,32.0625,128.25
2023-10-03 22:00:00,31.875,127.5
2023-10-03 22:15:00,21.75,87.0
2023-10-03 22:30:00,20.375,81.5
2023-10-03 22:45:00,19.5,78.0
2023-10-03 23:00:00,19.25,77.0
2023-10-03 23:15:00,18.875,75.5
2023-10-03 23:30:00,18.9375,75.75
2023-10-03 23:45:00,20.0,80.0
2023-10-04 00:00:00,19.125,76.5
2023-10-04 00:15:00,19.0,76.0
2023-10-04 00:30:00,18.75,75.0
2023-10-04 00:45:00,18.9375,75.75
2023-10-04 01:00:00,19.375,77.5
2023-10-04 01:15:00,19.75,79.0
2023-10-04 01:30:00,19.6875,78.75
2023-10-04 01:45:00,18.8125,75.25
2023-10-04 02:00:00,19.1875,76.75
2023-10-04 02:15:00,19.25,77.0
2023-10-04 02:30:00,18.8125,75.25
2023-10-04 02:45:00,18.75,75.0
2023-10-04 03:00:00,18.625,74.5
2023-10-04 03:15:00,19.25,77.0
2023-10-04 03:30:00,19.1875,76.75
2023-10-04 03:45:00,19.0,76.0
2023-10-04 04:00:00,19.0,76.0
2023-10-04 04:15:00,19.375,77.5
2023-10-04 04:30:00,20.0625,80.25
2023-10-04 04:45:00,19.8125,79.25
2023-10-04 05:00:00,20.25,81.0
2023-10-04 05:15:00,20.75,83.0
2023-10-04 05:30:00,19.625,78.5
2023-10-04 05:45:00,20.3125,81.25
2023-10-04 06:00:00,19.6875,78.75
2023-10-04 06:15:00,36.5,146.0
2023-10-04 06:30:00,34.0,136.0
2023-10-04 06:45:00,33.0625,132.25
2023-10-04 07:00:00,33.8125,135.25
2023-10-04 07:15:00,34.5625,138.25
2023-10-04 07:30:00,34.1875,136.75
2023-10-04 07:45:00,34.625,138.5
2023-10-04 08:00:00,36.125,144.5
2023-10-04 08:15:00,37.1875,148.75
2023-10-04 08:30:00,36.25,145.0
2023-10-04 08:45:00,37.0,148.0
2023-10-04 09:00:00,37.9375,151.75
2023-10-04 09:15:00,38.5,154.0
2023-10-04 09:30:00,39.75,159.0
2023-10-04 09:45:00,39.625,158.5
2023-10-04 10:00:00,40.25,161.0
2023-10-04 10:15:00,41.0,164.0
2023-10-04 10:30:00,43.0,172.0
2023-10-04 10:45:00,42.0,168.0
2023-10-04 11:00:00,42.375,169.5
2023-10-04 11:15:00,42.8125,171.25
2023-10-04 11:30:00,42.875,171.5
2023-10-04 11:45:00,43.75,175.0
2023-10-04 12:00:00,42.3125,169.25
2023-10-04 12:15:00,42.0,168.0
2023-10-04 12:30:00,42.25,169.0
2023-10-04 12:45:00,42.8125,171.25
2023-10-04 13:00:00,42.25,169.0
2023-10-04 13:15:00,42.75,171.0
2023-10-04 13:30:00,42.4375,169.75
2023-10-04 13:45:00,43.625,174.5
2023-10-04 14:00:00,42.6875,170.75
2023-10-04 14:15:00,42.875,171.5
2023-10-04 14:30:00,43.0625,172.25
2023-10-04 14:45:00,43.0625,172.25
2023-10-04 15:00:00,42.1875,168.75
2023-10-04 15:15:00,41.375,165.5
2023-10-04 15:30:00,42.4375,169.75
2023-10-04 15:45:00,41.25,165.0
2023-10-04 16:00:00,41.6875,166.75
2023-10-04 16:15:00,40.8125,163.25
2023-10-04 16:30:00,41.625,166.5
2023-10-04 16:45:00,38.4375,153.75
2023-10-04 17:00:00,38.5,154.0
2023-10-04 17:15:00,37.5,150.0
2023-10-04 17:30:00,36.125,144.5
2023-10-04 17:45:00,36.4375,145.75
2023-10-04 18:00:00,35.0,140.0
2023-10-04 18:15:00,35.375,141.5
2023-10-04 18:30:00,34.0,136.0
2023-10-04 18:45:00,33.375,133.5
2023-10-04 19:00:00,33.0,132.0
2023-10-04 19:15:00,33.5625,134.25
2023-10-04 19:30:00,33.6875,134.75
2023-10-04 19:45:00,33.375,133.5
2023-10-04 20:00:00,34.1875,136.75
2023-10-04 20:15:00,33.0,132.0
2023-10-04 20:30:00,33.8125,135.25
2023-10-04 20:45:00,33.8125,135.25
2023-10-04 21:00:00,33.375,133.5
2023-10-04 21:15:00,33.3125,133.25
2023-10-04 21:30:00,33.4375,133.75
2023-10-04 21:45:00,33.875,135.5
2023-10-04 22:00:00,33.25,133.0
2023-10-04 22:15:00,22.25,89.0
2023-10-04 22:30:00,20.3125,81.25
2023-10-04 22:45:00,19.75,79.0
2023-10-04 23:00:00,20.3125,81.25
2023-10-04 23:15:00,19.75,79.0
2023-10-04 23:30:00,19.3125,77.25
2023-10-04 23:45:00,19.375,77.5
2023-10-05 00:00:00,19.625,78.5
2023-10-05 00:15:00,19.8125,79.25
2023-10-05 00:30:00,19.3125,77.25
2023-10-05 00:45:00,19.875,79.5
2023-10-05 01:00:00,20.75,83.0
2023-10-05 01:15:00,20.25,81.0
2023-10-05 01:30:00,19.625,78.5
2023-10-05 01:45:00,19.1875,76.75
2023-10-05 02:00:00,19.1875,76.75
2023-10-05 02:15:00,19.125,76.5
2023-10-05 02:30:00,19.75,79.0
2023-10-05 02:45:00,19.4375,77.75
2023-10-05 03:00:00,19.1875,76.75
2023-10-05 03:15:00,19.3125,77.25
2023-10-05 03:30:00,19.3125,77.25
2023-10-05 03:45:00,20.5625,82.25
2023-10-05 04:00:00,20.75,83.0
2023-10-05 04:15:00,19.4375,77.75
2023-10-05 04:30:00,19.75,79.0
2023-10-05 04:45:00,19.5625,78.25
2023-10-05 05:00:00,20.5,82.0
2023-10-05 05:15:00,22.5625,90.25
2023-10-05 05:30:00,24.3125,97.25
2023-10-05 05:45:00,24.375,97.5
2023-10-05 06:00:00,24.5,98.0
2023-10-05 06:15:00,38.125,152.5
2023-10-05 06:30:00,34.8125,139.25
2023-10-05 06:45:00,34.1875,136.75
2023-10-05 07:00:00,34.3125,137.25
2023-10-05 07:15:00,34.4375,137.75
2023-10-05 07:30:00,34.125,136.5
2023-10-05 07:45:00,33.375,133.5
2023-10-05 08:00:00,34.375,137.5
2023-10-05 08:15:00,35.4375,141.75
2023-10-05 08:30:00,37.375,149.5
2023-10-05 08:45:00,36.5625,146.25
2023-10-05 09:00:00,37.3125,149.25
2023-10-05 09:15:00,37.8125,151.25
2023-10-05 09:30:00,39.0,156.0
2023-10-05 09:45:00,42.0,168.0
2023-10-05 10:00:00,39.75,159.0
2023-10-05 10:15:00,39.8125,159.25
2023-10-05 10:30:00,39.625,158.5
2023-10-05 10:45:00,40.75,163.0
2023-10-05 11:00:00,40.3125,161.25
2023-10-05 11:15:00,43.875,175.5
2023-10-05 11:30:00,43.0625,172.25
2023-10-05 11:45:00,43.5,174.0
2023-10-05 12:00:00,43.4375,173.75
2023-10-05 12:15:00,43.5,174.0
2023-10-05 12:30:00,42.375,169.5
2023-10-05 12:45:00,42.75,171.0
2023-10-05 13:00:00,42.875,171.5
2023-10-05 13:15:00,42.1875,168.75
2023-10-05 13:30:00,42.4375,169.75
2023-10-05 13:45:00,43.0625,172.25
2023-10-05 14:00:00,42.5,170.0
2023-10-05 14:15:00,44.5,178.0
2023-10-05 14:30:00,42.1875,168.75
2023-10-05 14:45:00,42.9375,171.75
2023-10-05 15:00:00,42.0,168.0
2023-10-05 15:15:00,41.5,166.0
2023-10-05 15:30:00,41.3125,165.25
2023-10-05 15:45:00,42.9375,171.75
2023-10-05 16:00:00,41.25,165.0
2023-10-05 16:15:00,41.0,164.0
2023-10-05 16:30:00,40.5,162.0
2023-10-05 16:45:00,40.1875,160.75
2023-10-05 17:00:00,39.5,158.0
2023-10-05 17:15:00,37.375,149.5
2023-10-05 17:30:00,37.9375,151.75
2023-10-05 17:45:00,37.3125,149.25
2023-10-05 18:00:00,37.625,150.5
2023-10-05 18:15:00,36.9375,147.75
2023-10-05 18:30:00,36.1875,144.75
2023-10-05 18:45:00,35.5,142.0
2023-10-05 19:00:00,35.3125,141.25
2023-10-05 19:15:00,36.75,147.0
2023-10-05 19:30:00,34.625,138.5
2023-10-05 19:45:00,34.5,138.0
2023-10-05 20:00:00,34.0,136.0
2023-10-05 20:15:00,34.375,137.5
2023-10-05 20:30:00,34.9375,139.75
2023-10-05 20:45:00,34.5625,138.25
2023-10-05 21:00:00,33.75,135.0
2023-10-05 21:15:00,33.1875,132.75
2023-10-05 21:30:00,33.6875,134.75
2023-10-05 21:45:00,32.75,131.0
2023-10-05 22:00:00,32.5,130.0
2023-10-05 22:15:00,24.9375,99.75
2023-10-05 22:30:00,25.125,100.5
2023-10-05 22:45:00,24.875,99.5
2023-10-05 23:00:00,23.875,95.5
2023-10-05 23:15:00,23.625,94.5
2023-10-05 23:30:00,23.375,93.5
2023-10-05 23:45:00,24.0,96.0
2023-10-06 00:00:00,23.3125,93.25
2023-10-06 00:15:00,23.375,93.5
2023-10-06 00:30:00,23.375,93.5
2023-10-06 00:45:00,23.6875,94.75
2023-10-06 01:00:00,23.75,95.0
2023-10-06 01:15:00,23.6875,94.75
2023-10-06 01:30:00,24.75,99.0
2023-10-06 01:45:00,23.3125,93.25
2023-10-06 02:00:00,23.9375,95.75
2023-10-06 02:15:00,23.0625,92.25
2023-10-06 02:30:00,23.1875,92.75
2023-10-06 02:45:00,23.1875,92.75
2023-10-06 03:00:00,23.375,93.5
2023-10-06 03:15:00,23.6875,94.75
2023-10-06 03:30:00,23.4375,93.75
2023-10-06 03:45:00,23.3125,93.25
2023-10-06 04:00:00,23.3125,93.25
2023-10-06 04:15:00,23.4375,93.75
2023-10-06 04:30:00,24.75,99.0
2023-10-06 04:45:00,23.4375,93.75
2023-10-06 05:00:00,22.75,91.0
2023-10-06 05:15:00,22.875,91.5
2023-10-06 05:30:00,23.1875,92.75
2023-10-06 05:45:00,23.4375,93.75
2023-10-06 06:00:00,22.75,91.0
2023-10-06 06:15:00,35.6875,142.75
2023-10-06 06:30:00,33.6875,134.75
2023-10-06 06:45:00,32.625,130.5
2023-10-06 07:00:00,32.3125,129.25
2023-10-06 07:15:00,33.0,132.0
2023-10-06 07:30:00,32.6875,130.75
2023-10-06 07:45:00,32.4375,129.75
2023-10-06 08:00:00,33.125,132.5
2023-10-06 08:15:00,34.25,137.0
2023-10-06 08:30:00,34.0,136.0
2023-10-06 08:45:00,34.25,137.0
2023-10-06 09:00:00,35.625,142.5
2023-10-06 09:15:00,35.25,141.0
2023-10-06 09:30:00,36.5,146.0
2023-10-06 09:45:00,36.6875,146.75
2023-10-06 10:00:00,37.4375,149.75
2023-10-06 10:15:00,39.5,158.0
2023-10-06 10:30:00,38.6875,154.75
2023-10-06 10:45:00,39.375,157.5
2023-10-06 11:00:00,38.625,154.5
2023-10-06 11:15:00,39.1875,156.75
2023-10-06 11:30:00,40.4375,161.75
2023-10-06 11:45:00,39.75,159.0
2023-10-06 12:00:00,39.1875,156.75
2023-10-06 12:15:00,39.4375,157.75
2023-10-06 12:30:00,40.0625,160.25
2023-10-06 12:45:00,38.5625,154.25
2023-10-06 13:00:00,39.25,157.0
2023-10-06 13:15:00,38.0,152.0
2023-10-06 13:30:00,38.9375,155.75
2023-10-06 13:45:00,37.8125,151.25
2023-10-06 14:00:00,37.8125,151.25
2023-10-06 14:15:00,38.1875,152.75
2023-10-06 14:30:00,38.125,152.5
2023-10-06 14:45:00,37.75,151.0
2023-10-06 15:00:00,37.125,148.5
2023-10-06 15:15:00,37.5,150.0
2023-10-06 15:30:00,38.0,152.0
2023-10-06 15:45:00,37.9375,151.75
2023-10-06 16:00:00,36.375,145.5
2023-10-06 16:15:00,36.375,145.5
2023-10-06 16:30:00,36.6875,146.75
2023-10-06 16:45:00,35.625,142.5
2023-10-06 17:00:00,36.625,146.5
2023-10-06 17:15:00,34.5625,138.25
2023-10-06 17:30:00,33.375,133.5
2023-10-06 17:45:00,33.6875,134.75
2023-10-06 18:00:00,32.75,131.0
2023-10-06 18:15:00,32.5,130.0
2023-10-06 18:30:00,33.1875,132.75
2023-10-06 18:45:00,31.875,127.5
2023-10-06 19:00:00,32.375,129.5
2023-10-06 19:15:00,31.9375,127.75
2023-10-06 19:30:00,31.75,127.0
2023-10-06 19:45:00,31.5,126.0
2023-10-06 20:00:00,31.125,124.5
2023-10-06 20:15:00,32.0,128.0
2023-10-06 20:30:00,32.5625,130.25
2023-10-06 20:45:00,31.5,126.0
2023-10-06 21:00:00,31.3125,125.25
2023-10-06 21:15:00,31.375,125.5
2023-10-06 21:30:00,32.0625,128.25
2023-10-06 21:45:00,31.625,126.5
2023-10-06 22:00:00,31.625,126.5
2023-10-06 22:15:00,24.9375,99.75
2023-10-06 22:30:00,24.875,99.5
2023-10-06 22:45:00,25.25,101.0
2023-10-06 23:00:00,23.75,95.0
2023-10-06 23:15:00,23.5,94.0
2023-10-06 23:30:00,23.5,94.0
2023-10-06 23:45:00,23.625,94.5
2023-10-07 00:00:00,24.25,97.0
2023-10-07 00:15:00,23.625,94.5
2023-10-07 00:30:00,23.125,92.5
2023-10-07 00:45:00,23.0,92.0
2023-10-07 01:00:00,23.0,92.0
2023-10-07 01:15:00,24.9375,99.75
2023-10-07 01:30:00,23.9375,95.75
2023-10-07 01:45:00,23.0625,92.25
2023-10-07 02:00:00,23.0625,92.25
2023-10-07 02:15:00,23.0625,92.25
2023-10-07 02:30:00,23.75,95.0
2023-10-07 02:45:00,23.1875,92.75
2023-10-07 03:00:00,23.0625,92.25
2023-10-07 03:15:00,23.0,92.0
2023-10-07 03:30:00,23.5625,94.25
2023-10-07 03:45:00,23.3125,93.25
2023-10-07 04:00:00,23.0625,92.25
2023-10-07 04:15:00,23.5,94.0
2023-10-07 04:30:00,24.375,97.5
2023-10-07 04:45:00,23.5,94.0
2023-10-07 05:00:00,22.6875,90.75
2023-10-07 05:15:00,22.4375,89.75
2023-10-07 05:30:00,22.625,90.5
2023-10-07 05:45:00,23.1875,92.75
2023-10-07 06:00:00,22.75,91.0
2023-10-07 06:15:00,24.5625,98.25
2023-10-07 06:30:00,24.5,98.0
2023-10-07 06:45:00,23.875,95.5
2023-10-07 07:00:00,24.5,98.0
2023-10-07 07:15:00,24.0625,96.25
2023-10-07 07:30:00,23.9375,95.75
2023-10-07 07:45:00,6.824999809265137,27.299999237060547
2023-10-07 08:00:00,6.824999809265137,27.299999237060547
2023-10-07 08:15:00,6.824999809265137,27.299999237060547
2023-10-07 08:30:00,6.824999809265137,27.299999237060547
2023-10-07 08:45:00,6.824999809265137,27.299999237060547
2023-10-07 09:00:00,26.25,105.0
2023-10-07 09:15:00,37.8125,151.25
2023-10-07 09:30:00,33.75,135.0
2023-10-07 09:45:00,33.0625,132.25
2023-10-07 10:00:00,32.375,129.5
2023-10-07 10:15:00,32.125,128.5
2023-10-07 10:30:00,31.5,126.0
2023-10-07 10:45:00,31.8125,127.25
2023-10-07 11:00:00,31.875,127.5
2023-10-07 11:15:00,31.8125,127.25
2023-10-07 11:30:00,30.625,122.5
2023-10-07 11:45:00,30.5,122.0
2023-10-07 12:00:00,31.125,124.5
2023-10-07 12:15:00,30.8125,123.25
2023-10-07 12:30:00,30.1875,120.75
2023-10-07 12:45:00,30.5,122.0
2023-10-07 13:00:00,29.625,118.5
2023-10-07 13:15:00,22.0,88.0
2023-10-07 13:30:00,20.0,80.0
2023-10-07 13:45:00,19.8125,79.25
2023-10-07 14:00:00,20.125,80.5
2023-10-07 14:15:00,20.25,81.0
2023-10-07 14:30:00,21.125,84.5
2023-10-07 14:45:00,21.5,86.0
2023-10-07 15:00:00,19.8125,79.25
2023-10-07 15:15:00,19.75,79.0
2023-10-07 15:30:00,20.3125,81.25
2023-10-07 15:45:00,19.6875,78.75
2023-10-07 16:00:00,19.75,79.0
2023-10-07 16:15:00,19.6875,78.75
2023-10-07 16:30:00,19.8125,79.25
2023-10-07 16:45:00,19.5625,78.25
2023-10-07 17:00:00,19.4375,77.75
2023-10-07 17:15:00,20.6875,82.75
2023-10-07 17:30:00,20.375,81.5
2023-10-07 17:45:00,19.875,79.5
2023-10-07 18:00:00,19.4375,77.75
2023-10-07 18:15:00,19.375,77.5
2023-10-07 18:30:00,19.25,77.0
2023-10-07 18:45:00,19.3125,77.25
2023-10-07 19:00:00,19.875,79.5
2023-10-07 19:15:00,19.3125,77.25
2023-10-07 19:30:00,19.25,77.0
2023-10-07 19:45:00,19.375,77.5
2023-10-07 20:00:00,19.8125,79.25
2023-10-07 20:15:00,21.125,84.5
2023-10-07 20:30:00,20.0,80.0
2023-10-07 20:45:00,19.5,78.0
2023-10-07 21:00:00,19.25,77.0
2023-10-07 21:15:00,19.3125,77.25
2023-10-07 21:30:00,19.5625,78.25
2023-10-07 21:45:00,19.8125,79.25
2023-10-07 22:00:00,19.3125,77.25
2023-10-07 22:15:00,18.5,74.0
2023-10-07 22:30:00,18.3125,73.25
2023-10-07 22:45:00,18.5625,74.25
2023-10-07 23:00:00,19.5,78.0
2023-10-07 23:15:00,19.6875,78.75
2023-10-07 23:30:00,18.4375,73.75
2023-10-07 23:45:00,18.375,73.5
2023-10-08 00:00:00,18.375,73.5
2023-10-08 00:15:00,19.0625,76.25
2023-10-08 00:30:00,18.1875,72.75
2023-10-08 00:45:00,18.25,73.0
2023-10-08 01:00:00,18.25,73.0
2023-10-08 01:15:00,18.3125,73.25
2023-10-08 01:30:00,19.0,76.0
2023-10-08 01:45:00,18.625,74.5
2023-10-08 02:00:00,18.75,75.0
2023-10-08 02:15:00,20.0625,80.25
2023-10-08 02:30:00,18.6875,74.75
2023-10-08 02:45:00,19.0,76.0
2023-10-08 03:00:00,18.625,74.5
2023-10-08 03:15:00,18.375,73.5
2023-10-08 03:30:00,18.3125,73.25
2023-10-08 03:45:00,18.375,73.5
2023-10-08 04:00:00,18.75,75.0
2023-10-08 04:15:00,18.4375,73.75
2023-10-08 04:30:00,18.25,73.0
2023-10-08 04:45:00,18.1875,72.75
2023-10-08 05:00:00,18.3125,73.25
2023-10-08 05:15:00,18.9375,75.75
2023-10-08 05:30:00,19.5,78.0
2023-10-08 05:45:00,18.8125,75.25
2023-10-08 06:00:00,18.125,72.5
2023-10-08 06:15:00,18.1875,72.75
2023-10-08 06:30:00,18.75,75.0
2023-10-08 06:45:00,18.25,73.0
2023-10-08 07:00:00,18.1875,72.75
2023-10-08 07:15:00,18.125,72.5
2023-10-08 07:30:00,18.25,73.0
2023-10-08 07:45:00,18.375,73.5
2023-10-08 08:00:00,18.0,72.0
2023-10-08 08:15:00,18.125,72.5
2023-10-08 08:30:00,18.3125,73.25
2023-10-08 08:45:00,18.75,75.0
2023-10-08 09:00:00,19.4375,77.75
2023-10-08 09:15:00,35.9375,143.75
2023-10-08 09:30:00,33.25,133.0
2023-10-08 09:45:00,31.875,127.5
2023-10-08 10:00:00,32.1875,128.75
2023-10-08 10:15:00,31.25,125.0
2023-10-08 10:30:00,30.625,122.5
2023-10-08 10:45:00,30.75,123.0
2023-10-08 11:00:00,31.0,124.0
2023-10-08 11:15:00,30.3125,121.25
2023-10-08 11:30:00,30.9375,123.75
2023-10-08 11:45:00,31.1875,124.75
2023-10-08 12:00:00,30.8125,123.25
2023-10-08 12:15:00,30.8125,123.25
2023-10-08 12:30:00,30.3125,121.25
2023-10-08 12:45:00,30.875,123.5
2023-10-08 13:00:00,30.9375,123.75
2023-10-08 13:15:00,20.0,80.0
2023-10-08 13:30:00,18.5625,74.25
2023-10-08 13:45:00,18.0625,72.25
2023-10-08 14:00:00,18.1875,72.75
2023-10-08 14:15:00,18.375,73.5
2023-10-08 14:30:00,18.6875,74.75
2023-10-08 14:45:00,20.125,80.5
2023-10-08 15:00:00,18.9375,75.75
2023-10-08 15:15:00,18.25,73.0
2023-10-08 15:30:00,18.6875,74.75
2023-10-08 15:45:00,19.125,76.5
2023-10-08 16:00:00,19.0625,76.25
2023-10-08 16:15:00,18.6875,74.75
2023-10-08 16:30:00,18.75,75.0
2023-10-08 16:45:00,18.9375,75.75
2023-10-08 17:00:00,19.3125,77.25
2023-10-08 17:15:00,19.75,79.0
2023-10-08 17:30:00,20.375,81.5
2023-10-08 17:45:00,19.375,77.5
2023-10-08 18:00:00,18.875,75.5
2023-10-08 18:15:00,19.1875,76.75
2023-10-08 18:30:00,19.9375,79.75
2023-10-08 18:45:00,19.25,77.0
2023-10-08 19:00:00,19.125,76.5
2023-10-08 19:15:00,19.25,77.0
2023-10-08 19:30:00,19.5,78.0
2023-10-08 19:45:00,20.0625,80.25
2023-10-08 20:00:00,18.9375,75.75
2023-10-08 20:15:00,20.125,80.5
2023-10-08 20:30:00,19.3125,77.25
2023-10-08 20:45:00,18.9375,75.75
2023-10-08 21:00:00,19.5625,78.25
2023-10-08 21:15:00,18.75,75.0
2023-10-08 21:30:00,18.8125,75.25
2023-10-08 21:45:00,18.75,75.0
2023-10-08 22:00:00,19.0625,76.25
2023-10-08 22:15:00,19.125,76.5
2023-10-08 22:30:00,18.6875,74.75
2023-10-08 22:45:00,18.75,75.0
2023-10-08 23:00:00,19.4375,77.75
2023-10-08 23:15:00,20.5625,82.25
2023-10-08 23:30:00,18.75,75.0
2023-10-08 23:45:00,18.5625,74.25
2023-10-09 00:00:00,18.5625,74.25
2023-10-09 00:15:00,18.6875,74.75
2023-10-09 00:30:00,19.3125,77.25
2023-10-09 00:45:00,18.6875,74.75
2023-10-09 01:00:00,18.8125,75.25
2023-10-09 01:15:00,18.625,74.5
2023-10-09 01:30:00,18.625,74.5
2023-10-09 01:45:00,19.4375,77.75
2023-10-09 02:00:00,19.1875,76.75
2023-10-09 02:15:00,19.875,79.5
2023-10-09 02:30:00,18.8125,75.25
2023-10-09 02:45:00,18.8125,75.25
2023-10-09 03:00:00,19.3125,77.25
2023-10-09 03:15:00,18.9375,75.75
2023-10-09 03:30:00,18.6875,74.75
2023-10-09 03:45:00,18.875,75.5
2023-10-09 04:00:00,18.75,75.0
2023-10-09 04:15:00,19.3125,77.25
2023-10-09 04:30:00,19.625,78.5
2023-10-09 04:45:00,19.5,78.0
2023-10-09 05:00:00,20.0625,80.25
2023-10-09 05:15:00,21.0625,84.25
2023-10-09 05:30:00,20.9375,83.75
2023-10-09 05:45:00,20.5625,82.25
2023-10-09 06:00:00,19.625,78.5
2023-10-09 06:15:00,35.9375,143.75
2023-10-09 06:30:00,35.875,143.5
2023-10-09 06:45:00,34.625,138.5
2023-10-09 07:00:00,32.5625,130.25
2023-10-09 07:15:00,33.875,135.5
2023-10-09 07:30:00,33.75,135.0
2023-10-09 07:45:00,34.0,136.0
2023-10-09 08:00:00,35.3125,141.25
2023-10-09 08:15:00,35.75,143.0
2023-10-09 08:30:00,35.8125,143.25
2023-10-09 08:45:00,35.125,140.5
2023-10-09 09:00:00,35.8125,143.25
2023-10-09 09:15:00,37.1875,148.75
2023-10-09 09:30:00,36.8125,147.25
2023-10-09 09:45:00,39.1875,156.75
2023-10-09 10:00:00,38.9375,155.75
2023-10-09 10:15:00,39.6875,158.75
2023-10-09 10:30:00,38.5,154.0
2023-10-09 10:45:00,38.375,153.5
2023-10-09 11:00:00,40.125,160.5
2023-10-09 11:15:00,42.0625,168.25
2023-10-09 11:30:00,40.0,160.0
2023-10-09 11:45:00,39.75,159.0
2023-10-09 12:00:00,39.5,158.0
2023-10-09 12:15:00,41.75,167.0
2023-10-09 12:30:00,41.3125,165.25
2023-10-09 12:45:00,40.0625,160.25
2023-10-09 13:00:00,39.5625,158.25
2023-10-09 13:15:00,39.5625,158.25
2023-10-09 13:30:00,41.25,165.0
2023-10-09 13:45:00,40.3125,161.25
2023-10-09 14:00:00,40.375,161.5
2023-10-09 14:15:00,41.75,167.0
2023-10-09 14:30:00,42.5625,170.25
2023-10-09 14:45:00,42.8125,171.25
2023-10-09 15:00:00,41.375,165.5
2023-10-09 15:15:00,41.5625,166.25
2023-10-09 15:30:00,40.875,163.5
2023-10-09 15:45:00,40.125,160.5
2023-10-09 16:00:00,41.0625,164.25
2023-10-09 16:15:00,40.25,161.0
2023-10-09 16:30:00,40.1875,160.75
2023-10-09 16:45:00,39.4375,157.75
2023-10-09 17:00:00,38.0,152.0
2023-10-09 17:15:00,37.4375,149.75
2023-10-09 17:30:00,37.3125,149.25
2023-10-09 17:45:00,35.8125,143.25
2023-10-09 18:00:00,35.8125,143.25
2023-10-09 18:15:00,35.375,141.5
2023-10-09 18:30:00,35.0,140.0
2023-10-09 18:45:00,33.5625,134.25
2023-10-09 19:00:00,33.25,133.0
2023-10-09 19:15:00,33.625,134.5
2023-10-09 19:30:00,35.125,140.5
2023-10-09 19:45:00,33.75,135.0
2023-10-09 20:00:00,33.375,133.5
2023-10-09 20:15:00,33.5,134.0
2023-10-09 20:30:00,33.8125,135.25
2023-10-09 20:45:00,33.0,132.0
2023-10-09 21:00:00,32.8125,131.25
2023-10-09 21:15:00,32.75,131.0
2023-10-09 21:30:00,32.75,131.0
2023-10-09 21:45:00,32.75,131.0
2023-10-09 22:00:00,32.5,130.0
2023-10-09 22:15:00,21.625,86.5
2023-10-09 22:30:00,20.375,81.5
2023-10-09 22:45:00,21.0625,84.25
2023-10-09 23:00:00,20.375,81.5
2023-10-09 23:15:00,20.1875,80.75
2023-10-09 23:30:00,20.1875,80.75
2023-10-09 23:45:00,20.75,83.0
2023-10-10 00:00:00,20.125,80.5
2023-10-10 00:15:00,21.3125,85.25
2023-10-10 00:30:00,20.75,83.0
2023-10-10 00:45:00,20.125,80.5
2023-10-10 01:00:00,20.8125,83.25
2023-10-10 01:15:00,20.125,80.5
2023-10-10 01:30:00,19.9375,79.75
2023-10-10 01:45:00,20.0625,80.25
2023-10-10 02:00:00,20.0625,80.25
2023-10-10 02:15:00,20.875,83.5
2023-10-10 02:30:00,20.1875,80.75
2023-10-10 02:45:00,20.1875,80.75
2023-10-10 03:00:00,20.125,80.5
2023-10-10 03:15:00,20.375,81.5
2023-10-10 03:30:00,21.8125,87.25
2023-10-10 03:45:00,21.0,84.0
2023-10-10 04:00:00,20.375,81.5
2023-10-10 04:15:00,20.375,81.5
2023-10-10 04:30:00,20.375,81.5
2023-10-10 04:45:00,20.625,82.5
2023-10-10 05:00:00,20.1875,80.75
2023-10-10 05:15:00,20.6875,82.75
2023-10-10 05:30:00,21.0625,84.25
2023-10-10 05:45:00,21.1875,84.75
2023-10-10 06:00:00,21.875,87.5
2023-10-10 06:15:00,37.0,148.0
2023-10-10 06:30:00,34.25,137.0
2023-10-10 06:45:00,33.125,132.5
2023-10-10 07:00:00,33.4375,133.75
2023-10-10 07:15:00,33.875,135.5
2023-10-10 07:30:00,33.125,132.5
2023-10-10 07:45:00,33.4375,133.75
2023-10-10 08:00:00,34.125,136.5
2023-10-10 08:15:00,35.9375,143.75
2023-10-10 08:30:00,35.5625,142.25
2023-10-10 08:45:00,37.3125,149.25
2023-10-10 09:00:00,36.9375,147.75
2023-10-10 09:15:00,37.625,150.5
2023-10-10 09:30:00,38.75,155.0
2023-10-10 09:45:00,38.6875,154.75
2023-10-10 10:00:00,39.375,157.5
2023-10-10 10:15:00,41.4375,165.75
2023-10-10 10:30:00,40.8125,163.25
2023-10-10 10:45:00,39.6875,158.75
2023-10-10 11:00:00,40.0,160.0
2023-10-10 11:15:00,40.3125,161.25
2023-10-10 11:30:00,41.0,164.0
2023-10-10 11:45:00,41.25,165.0
2023-10-10 12:00:00,40.0625,160.25
2023-10-10 12:15:00,40.5,162.0
2023-10-10 12:30:00,40.6875,162.75
2023-10-10 12:45:00,40.6875,162.75
2023-10-10 13:00:00,40.8125,163.25
2023-10-10 13:15:00,41.6875,166.75
2023-10-10 13:30:00,40.4375,161.75
2023-10-10 13:45:00,40.5625,162.25
2023-10-10 14:00:00,40.9375,163.75
2023-10-10 14:15:00,41.4375,165.75
2023-10-10 14:30:00,43.9375,175.75
2023-10-10 14:45:00,41.5625,166.25
2023-10-10 15:00:00,41.0,164.0
2023-10-10 15:15:00,41.0,164.0
2023-10-10 15:30:00,40.625,162.5
2023-10-10 15:45:00,40.3125,161.25
2023-10-10 16:00:00,39.6875,158.75
2023-10-10 16:15:00,40.0,160.0
2023-10-10 16:30:00,39.375,157.5
2023-10-10 16:45:00,38.0,152.0
2023-10-10 17:00:00,37.375,149.5
2023-10-10 17:15:00,36.75,147.0
2023-10-10 17:30:00,35.125,140.5
2023-10-10 17:45:00,34.5625,138.25
2023-10-10 18:00:00,33.75,135.0
2023-10-10 18:15:00,34.3125,137.25
2023-10-10 18:30:00,33.6875,134.75
2023-10-10 18:45:00,33.1875,132.75
2023-10-10 19:00:00,33.25,133.0
2023-10-10 19:15:00,32.875,131.5
2023-10-10 19:30:00,32.75,131.0
2023-10-10 19:45:00,32.875,131.5
2023-10-10 20:00:00,33.1875,132.75
2023-10-10 20:15:00,33.6875,134.75
2023-10-10 20:30:00,32.4375,129.75
2023-10-10 20:45:00,33.1875,132.75
2023-10-10 21:00:00,33.375,133.5
2023-10-10 21:15:00,32.8125,131.25
2023-10-10 21:30:00,32.3125,129.25
2023-10-10 21:45:00,33.1875,132.75
2023-10-10 22:00:00,31.625,126.5
2023-10-10 22:15:00,23.125,92.5
2023-10-10 22:30:00,21.0625,84.25
2023-10-10 22:45:00,20.625,82.5
2023-10-10 23:00:00,20.5625,82.25
2023-10-10 23:15:00,21.375,85.5
2023-10-10 23:30:00,21.1875,84.75
2023-10-10 23:45:00,21.875,87.5
2023-10-11 00:00:00,21.25,85.0
2023-10-11 00:15:00,20.875,83.5
2023-10-11 00:30:00,21.375,85.5
2023-10-11 00:45:00,20.5625,82.25
2023-10-11 01:00:00,20.625,82.5
2023-10-11 01:15:00,20.5625,82.25
2023-10-11 01:30:00,21.0,84.0
2023-10-11 01:45:00,21.0,84.0
2023-10-11 02:00:00,20.5625,82.25
2023-10-11 02:15:00,20.625,82.5
2023-10-11 02:30:00,21.3125,85.25
2023-10-11 02:45:00,22.0,88.0
2023-10-11 03:00:00,20.5625,82.25
2023-10-11 03:15:00,20.4375,81.75
2023-10-11 03:30:00,20.375,81.5
2023-10-11 03:45:00,21.1875,84.75
2023-10-11 04:00:00,20.75,83.0
2023-10-11 04:15:00,20.5625,82.25
2023-10-11 04:30:00,20.625,82.5
2023-10-11 04:45:00,21.625,86.5
2023-10-11 05:00:00,21.1875,84.75
2023-10-11 05:15:00,21.375,85.5
2023-10-11 05:30:00,21.25,85.0
2023-10-11 05:45:00,21.1875,84.75
2023-10-11 06:00:00,22.625,90.5
2023-10-11 06:15:00,37.0625,148.25
2023-10-11 06:30:00,34.25,137.0
2023-10-11 06:45:00,33.125,132.5
2023-10-11 07:00:00,32.625,130.5
2023-10-11 07:15:00,33.6875,134.75
2023-10-11 07:30:00,32.875,131.5
2023-10-11 07:45:00,33.875,135.5
2023-10-11 08:00:00,36.1875,144.75
2023-10-11 08:15:00,36.5,146.0
2023-10-11 08:30:00,35.75,143.0
2023-10-11 08:45:00,36.1875,144.75
2023-10-11 09:00:00,36.625,146.5
2023-10-11 09:15:00,38.125,152.5
2023-10-11 09:30:00,38.1875,152.75
2023-10-11 09:45:00,39.1875,156.75
2023-10-11 10:00:00,39.0625,156.25
2023-10-11 10:15:00,40.25,161.0
2023-10-11 10:30:00,40.4375,161.75
2023-10-11 10:45:00,40.75,163.0
2023-10-11 11:00:00,41.125,164.5
2023-10-11 11:15:00,43.6875,174.75
2023-10-11 11:30:00,41.25,165.0
2023-10-11 11:45:00,40.75,163.0
2023-10-11 12:00:00,41.5625,166.25
2023-10-11 12:15:00,42.0625,168.25
2023-10-11 12:30:00,41.125,164.5
2023-10-11 12:45:00,40.0625,160.25
2023-10-11 13:00:00,39.9375,159.75
2023-10-11 13:15:00,40.0,160.0
2023-10-11 13:30:00,40.4375,161.75
2023-10-11 13:45:00,40.875,163.5
2023-10-11 14:00:00,40.25,161.0
2023-10-11 14:15:00,41.5,166.0
2023-10-11 14:30:00,41.5,166.0
2023-10-11 14:45:00,43.0,172.0
2023-10-11 15:00:00,42.5,170.0
2023-10-11 15:15:00,40.5,162.0
2023-10-11 15:30:00,40.375,161.5
2023-10-11 15:45:00,39.625,158.5
2023-10-11 16:00:00,40.9375,163.75
2023-10-11 16:15:00,39.6875,158.75
2023-10-11 16:30:00,38.125,152.5
2023-10-11 16:45:00,38.125,152.5
2023-10-11 17:00:00,37.125,148.5
2023-10-11 17:15:00,36.375,145.5
2023-10-11 17:30:00,36.6875,146.75
2023-10-11 17:45:00,34.75,139.0
2023-10-11 18:00:00,34.6875,138.75
2023-10-11 18:15:00,33.6875,134.75
2023-10-11 18:30:00,33.25,133.0
2023-10-11 18:45:00,33.0625,132.25
2023-10-11 19:00:00,33.75,135.0
2023-10-11 19:15:00,32.75,131.0
2023-10-11 19:30:00,32.9375,131.75
2023-10-11 19:45:00,33.0625,132.25
2023-10-11 20:00:00,34.0,136.0
2023-10-11 20:15:00,34.0,136.0
2023-10-11 20:30:00,34.375,137.5
2023-10-11 20:45:00,32.9375,131.75
2023-10-11 21:00:00,32.8125,131.25
2023-10-11 21:15:00,33.375,133.5
2023-10-11 21:30:00,32.625,130.5
2023-10-11 21:45:00,32.5,130.0
2023-10-11 22:00:00,32.0,128.0
2023-10-11 22:15:00,22.875,91.5
2023-10-11 22:30:00,22.3125,89.25
2023-10-11 22:45:00,21.625,86.5
2023-10-11 23:00:00,20.9375,83.75
2023-10-11 23:15:00,20.8125,83.25
2023-10-11 23:30:00,21.375,85.5
2023-10-11 23:45:00,20.5,82.0
2023-10-12 00:00:00,20.6875,82.75
2023-10-12 00:15:00,20.625,82.5
2023-10-12 00:30:00,20.9375,83.75
2023-10-12 00:45:00,21.0625,84.25
2023-10-12 01:00:00,20.8125,83.25
2023-10-12 01:15:00,20.5625,82.25
2023-10-12 01:30:00,21.625,86.5
2023-10-12 01:45:00,21.5,86.0
2023-10-12 02:00:00,21.0625,84.25
2023-10-12 02:15:00,20.75,83.0
2023-10-12 02:30:00,20.75,83.0
2023-10-12 02:45:00,20.5625,82.25
2023-10-12 03:00:00,21.25,85.0
2023-10-12 03:15:00,20.8125,83.25
2023-10-12 03:30:00,20.5,82.0
2023-10-12 03:45:00,20.875,83.5
2023-10-12 04:00:00,21.0,84.0
2023-10-12 04:15:00,21.5625,86.25
2023-10-12 04:30:00,20.9375,83.75
2023-10-12 04:45:00,20.6875,82.75
2023-10-12 05:00:00,21.1875,84.75
2023-10-12 05:15:00,21.75,87.0
2023-10-12 05:30:00,21.0,84.0
2023-10-12 05:45:00,20.6875,82.75
2023-10-12 06:00:00,20.4375,81.75
2023-10-12 06:15:00,35.125,140.5
2023-10-12 06:30:00,33.5625,134.25
2023-10-12 06:45:00,32.1875,128.75
2023-10-12 07:00:00,32.3125,129.25
2023-10-12 07:15:00,32.6875,130.75
2023-10-12 07:30:00,32.4375,129.75
2023-10-12 07:45:00,32.375,129.5
2023-10-12 08:00:00,33.875,135.5
2023-10-12 08:15:00,34.5,138.0
2023-10-12 08:30:00,36.3125,145.25
2023-10-12 08:45:00,36.125,144.5
2023-10-12 09:00:00,36.125,144.5
2023-10-12 09:15:00,37.1875,148.75
2023-10-12 09:30:00,37.4375,149.75
2023-10-12 09:45:00,37.4375,149.75
2023-10-12 10:00:00,38.0,152.0
2023-10-12 10:15:00,38.8125,155.25
2023-10-12 10:30:00,39.3125,157.25
2023-10-12 10:45:00,38.375,153.5
2023-10-12 11:00:00,38.875,155.5
2023-10-12 11:15:00,38.8125,155.25
2023-10-12 11:30:00,38.375,153.5
2023-10-12 11:45:00,38.5625,154.25
2023-10-12 12:00:00,38.25,153.0
2023-10-12 12:15:00,38.5,154.0
2023-10-12 12:30:00,37.875,151.5
2023-10-12 12:45:00,38.8125,155.25
2023-10-12 13:00:00,39.0,156.0
2023-10-12 13:15:00,40.625,162.5
2023-10-12 13:30:00,38.5,154.0
2023-10-12 13:45:00,38.875,155.5
2023-10-12 14:00:00,39.3125,157.25
2023-10-12 14:15:00,41.0,164.0
2023-10-12 14:30:00,41.3125,165.25
2023-10-12 14:45:00,40.25,161.0
2023-10-12 15:00:00,40.125,160.5
2023-10-12 15:15:00,40.625,162.5
2023-10-12 15:30:00,37.8125,151.25
2023-10-12 15:45:00,37.375,149.5
2023-10-12 16:00:00,37.375,149.5
2023-10-12 16:15:00,38.75,155.0
2023-10-12 16:30:00,36.1875,144.75
2023-10-12 16:45:00,35.6875,142.75
2023-10-12 17:00:00,35.875,143.5
2023-10-12 17:15:00,34.0625,136.25
2023-10-12 17:30:00,33.5625,134.25
2023-10-12 17:45:00,35.1875,140.75
2023-10-12 18:00:00,35.625,142.5
2023-10-12 18:15:00,35.0,140.0
2023-10-12 18:30:00,33.625,134.5
2023-10-12 18:45:00,33.1875,132.75
2023-10-12 19:00:00,34.0,136.0
2023-10-12 19:15:00,33.9375,135.75
2023-10-12 19:30:00,32.5,130.0
2023-10-12 19:45:00,32.0,128.0
2023-10-12 20:00:00,31.8125,127.25
2023-10-12 20:15:00,32.25,129.0
2023-10-12 20:30:00,32.3125,129.25
2023-10-12 20:45:00,31.875,127.5
2023-10-12 21:00:00,31.5,126.0
2023-10-12 21:15:00,31.25,125.0
2023-10-12 21:30:00,31.6875,126.75
2023-10-12 21:45:00,31.125,124.5
2023-10-12 22:00:00,31.125,124.5
2023-10-12 22:15:00,21.9375,87.75
2023-10-12 22:30:00,22.375,89.5
2023-10-12 22:45:00,20.5,82.0
2023-10-12 23:00:00,20.0,80.0
2023-10-12 23:15:00,20.0625,80.25
2023-10-12 23:30:00,19.75,79.0
2023-10-12 23:45:00,20.3125,81.25
2023-10-13 00:00:00,19.75,79.0
2023-10-13 00:15:00,19.6875,78.75
2023-10-13 00:30:00,19.5,78.0
2023-10-13 00:45:00,19.5625,78.25
2023-10-13 01:00:00,20.25,81.0
2023-10-13 01:15:00,20.3125,81.25
2023-10-13 01:30:00,20.1875,80.75
2023-10-13 01:45:00,19.4375,77.75
2023-10-13 02:00:00,19.75,79.0
2023-10-13 02:15:00,20.25,81.0
2023-10-13 02:30:00,19.5625,78.25
2023-10-13 02:45:00,19.625,78.5
2023-10-13 03:00:00,19.6875,78.75
2023-10-13 03:15:00,19.625,78.5
2023-10-13 03:30:00,20.1875,80.75
2023-10-13 03:45:00,19.75,79.0
2023-10-13 04:00:00,19.5,78.0
2023-10-13 04:15:00,19.5625,78.25
2023-10-13 04:30:00,20.375,81.5
2023-10-13 04:45:00,21.625,86.5
2023-10-13 05:00:00,20.0,80.0
2023-10-13 05:15:00,19.625,78.5
2023-10-13 05:30:00,19.4375,77.75
2023-10-13 05:45:00,19.625,78.5
2023-10-13 06:00:00,20.25,81.0
2023-10-13 06:15:00,34.125,136.5
2023-10-13 06:30:00,32.3125,129.25
2023-10-13 06:45:00,30.875,123.5
2023-10-13 07:00:00,31.125,124.5
2023-10-13 07:15:00,32.875,131.5
2023-10-13 07:30:00,31.625,126.5
2023-10-13 07:45:00,31.4375,125.75
2023-10-13 08:00:00,32.25,129.0
2023-10-13 08:15:00,33.0625,132.25
2023-10-13 08:30:00,34.0625,136.25
2023-10-13 08:45:00,33.6875,134.75
2023-10-13 09:00:00,35.0625,140.25
2023-10-13 09:15:00,34.75,139.0
2023-10-13 09:30:00,35.5,142.0
2023-10-13 09:45:00,35.875,143.5
2023-10-13 10:00:00,36.5625,146.25
2023-10-13 10:15:00,37.125,148.5
2023-10-13 10:30:00,37.8125,151.25
2023-10-13 10:45:00,38.5,154.0
2023-10-13 11:00:00,37.5,150.0
2023-10-13 11:15:00,38.0625,152.25
2023-10-13 11:30:00,38.4375,153.75
2023-10-13 11:45:00,37.8125,151.25
2023-10-13 12:00:00,38.75,155.0
2023-10-13 12:15:00,39.1875,156.75
2023-10-13 12:30:00,38.4375,153.75
2023-10-13 12:45:00,37.5,150.0
2023-10-13 13:00:00,37.25,149.0
2023-10-13 13:15:00,37.75,151.0
2023-10-13 13:30:00,36.875,147.5
2023-10-13 13:45:00,36.0,144.0
2023-10-13 14:00:00,36.125,144.5
2023-10-13 14:15:00,36.75,147.0
2023-10-13 14:30:00,37.0625,148.25
2023-10-13 14:45:00,36.0625,144.25
2023-10-13 15:00:00,35.3125,141.25
2023-10-13 15:15:00,35.5625,142.25
2023-10-13 15:30:00,34.5625,138.25
2023-10-13 15:45:00,34.375,137.5
2023-10-13 16:00:00,36.0625,144.25
2023-10-13 16:15:00,34.625,138.5
2023-10-13 16:30:00,33.9375,135.75
2023-10-13 16:45:00,33.75,135.0
2023-10-13 17:00:00,33.75,135.0
2023-10-13 17:15:00,32.5,130.0
2023-10-13 17:30:00,31.0625,124.25
2023-10-13 17:45:00,30.75,123.0
2023-10-13 18:00:00,30.8125,123.25
2023-10-13 18:15:00,31.125,124.5
2023-10-13 18:30:00,30.3125,121.25
2023-10-13 18:45:00,30.25,121.0
2023-10-13 19:00:00,29.8125,119.25
2023-10-13 19:15:00,30.5625,122.25
2023-10-13 19:30:00,30.25,121.0
2023-10-13 19:45:00,29.8125,119.25
2023-10-13 20:00:00,29.75,119.0
2023-10-13 20:15:00,29.5625,118.25
2023-10-13 20:30:00,30.25,121.0
2023-10-13 20:45:00,30.375,121.5
2023-10-13 21:00:00,29.4375,117.75
2023-10-13 21:15:00,29.375,117.5
2023-10-13 21:30:00,29.6875,118.75
2023-10-13 21:45:00,29.875,119.5
2023-10-13 22:00:00,29.375,117.5
2023-10-13 22:15:00,20.75,83.0
2023-10-13 22:30:00,19.5625,78.25
2023-10-13 22:45:00,19.5,78.0
2023-10-13 23:00:00,18.8125,75.25
2023-10-13 23:15:00,20.3125,81.25
2023-10-13 23:30:00,19.4375,77.75
2023-10-13 23:45:00,19.5625,78.25
2023-10-14 00:00:00,19.0625,76.25
2023-10-14 00:15:00,18.6875,74.75
2023-10-14 00:30:00,18.375,73.5
2023-10-14 00:45:00,19.0625,76.25
2023-10-14 01:00:00,18.8125,75.25
2023-10-14 01:15:00,18.625,74.5
2023-10-14 01:30:00,18.5,74.0
2023-10-14 01:45:00,18.6875,74.75
2023-10-14 02:00:00,19.375,77.5
2023-10-14 02:15:00,18.625,74.5
2023-10-14 02:30:00,18.5625,74.25
2023-10-14 02:45:00,19.5625,78.25
2023-10-14 03:00:00,19.5625,78.25
2023-10-14 03:15:00,19.0625,76.25
2023-10-14 03:30:00,18.625,74.5
2023-10-14 03:45:00,18.625,74.5
2023-10-14 04:00:00,18.4375,73.75
2023-10-14 04:15:00,19.0625,76.25
2023-10-14 04:30:00,19.0625,76.25
2023-10-14 04:45:00,18.625,74.5
2023-10-14 05:00:00,18.5,74.0
2023-10-14 05:15:00,18.5625,74.25
2023-10-14 05:30:00,19.0625,76.25
2023-10-14 05:45:00,18.625,74.5
2023-10-14 06:00:00,18.4375,73.75
2023-10-14 06:15:00,19.8125,79.25
2023-10-14 06:30:00,20.125,80.5
2023-10-14 06:45:00,20.6875,82.75
2023-10-14 07:00:00,20.3125,81.25
2023-10-14 07:15:00,19.375,77.5
2023-10-14 07:30:00,19.1875,76.75
2023-10-14 07:45:00,19.5,78.0
2023-10-14 08:00:00,20.125,80.5
2023-10-14 08:15:00,19.375,77.5
2023-10-14 08:30:00,19.1875,76.75
2023-10-14 08:45:00,19.4375,77.75
2023-10-14 09:00:00,19.8125,79.25
2023-10-14 09:15:00,33.8125,135.25
2023-10-14 09:30:00,31.625,126.5
2023-10-14 09:45:00,30.875,123.5
2023-10-14 10:00:00,30.625,122.5
2023-10-14 10:15:00,31.1875,124.75
2023-10-14 10:30:00,30.3125,121.25
2023-10-14 10:45:00,30.4375,121.75
2023-10-14 11:00:00,30.75,123.0
2023-10-14 11:15:00,30.5,122.0
2023-10-14 11:30:00,31.0,124.0
2023-10-14 11:45:00,31.125,124.5
2023-10-14 12:00:00,30.25,121.0
2023-10-14 12:15:00,30.6875,122.75
2023-10-14 12:30:00,30.6875,122.75
2023-10-14 12:45:00,29.9375,119.75
2023-10-14 13:00:00,29.5,118.0
2023-10-14 13:15:00,22.5625,90.25
2023-10-14 13:30:00,21.375,85.5
2023-10-14 13:45:00,20.75,83.0
2023-10-14 14:00:00,20.125,80.5
2023-10-14 14:15:00,21.1875,84.75
2023-10-14 14:30:00,21.1875,84.75
2023-10-14 14:45:00,20.4375,81.75
2023-10-14 15:00:00,19.875,79.5
2023-10-14 15:15:00,21.0,84.0
2023-10-14 15:30:00,21.5625,86.25
2023-10-14 15:45:00,20.1875,80.75
2023-10-14 16:00:00,20.0,80.0
2023-10-14 16:15:00,20.5625,82.25
2023-10-14 16:30:00,20.125,80.5
2023-10-14 16:45:00,19.9375,79.75
2023-10-14 17:00:00,19.8125,79.25
2023-10-14 17:15:00,20.3125,81.25
2023-10-14 17:30:00,20.8125,83.25
2023-10-14 17:45:00,20.0625,80.25
2023-10-14 18:00:00,20.125,80.5
2023-10-14 18:15:00,21.1875,84.75
2023-10-14 18:30:00,21.4375,85.75
2023-10-14 18:45:00,20.375,81.5
2023-10-14 19:00:00,19.9375,79.75
2023-10-14 19:15:00,19.875,79.5
2023-10-14 19:30:00,20.25,81.0
2023-10-14 19:45:00,20.5,82.0
2023-10-14 20:00:00,19.9375,79.75
2023-10-14 20:15:00,19.6875,78.75
2023-10-14 20:30:00,20.0,80.0
2023-10-14 20:45:00,20.4375,81.75
2023-10-14 21:00:00,20.25,81.0
2023-10-14 21:15:00,20.875,83.5
2023-10-14 21:30:00,20.8125,83.25
2023-10-14 21:45:00,20.375,81.5
2023-10-14 22:00:00,21.0,84.0
2023-10-14 22:15:00,19.6875,78.75
2023-10-14 22:30:00,19.5625,78.25
2023-10-14 22:45:00,19.5625,78.25
2023-10-14 23:00:00,19.5,78.0
2023-10-14 23:15:00,19.5625,78.25
2023-10-14 23:30:00,19.0,76.0
2023-10-14 23:45:00,18.9375,75.75
2023-10-15 00:00:00,18.9375,75.75
2023-10-15 00:15:00,20.5625,82.25
2023-10-15 00:30:00,20.25,81.0
2023-10-15 00:45:00,19.0,76.0
2023-10-15 01:00:00,19.125,76.5
2023-10-15 01:15:00,19.0625,76.25
2023-10-15 01:30:00,19.25,77.0
2023-10-15 01:45:00,19.6875,78.75
2023-10-15 02:00:00,19.0625,76.25
2023-10-15 02:15:00,19.0625,76.25
2023-10-15 02:30:00,20.375,81.5
2023-10-15 02:45:00,19.1875,76.75
2023-10-15 03:00:00,19.6875,78.75
2023-10-15 03:15:00,19.6875,78.75
2023-10-15 03:30:00,18.4375,73.75
2023-10-15 03:45:00,19.0,76.0
2023-10-15 04:00:00,19.0625,76.25
2023-10-15 04:15:00,19.5,78.0
2023-10-15 04:30:00,18.875,75.5
2023-10-15 04:45:00,19.0,76.0
2023-10-15 05:00:00,19.0,76.0
2023-10-15 05:15:00,19.4375,77.75
2023-10-15 05:30:00,19.125,76.5
2023-10-15 05:45:00,19.0,76.0
2023-10-15 06:00:00,18.8125,75.25
2023-10-15 06:15:00,19.0625,76.25
2023-10-15 06:30:00,19.3125,77.25
2023-10-15 06:45:00,18.75,75.0
2023-10-15 07:00:00,19.8125,79.25
2023-10-15 07:15:00,19.25,77.0
2023-10-15 07:30:00,19.5,78.0
2023-10-15 07:45:00,18.9375,75.75
2023-10-15 08:00:00,18.75,75.0
2023-10-15 08:15:00,18.75,75.0
2023-10-15 08:30:00,18.9375,75.75
2023-10-15 08:45:00,19.4375,77.75
2023-10-15 09:00:00,18.8125,75.25
2023-10-15 09:15:00,35.5,142.0
2023-10-15 09:30:00,32.8125,131.25
2023-10-15 09:45:00,32.0625,128.25
2023-10-15 10:00:00,31.625,126.5
2023-10-15 10:15:00,31.1875,124.75
2023-10-15 10:30:00,31.5,126.0
2023-10-15 10:45:00,31.3125,125.25
2023-10-15 11:00:00,31.8125,127.25
2023-10-15 11:15:00,32.1875,128.75
2023-10-15 11:30:00,30.9375,123.75
2023-10-15 11:45:00,31.1875,124.75
2023-10-15 12:00:00,31.1875,124.75
2023-10-15 12:15:00,32.4375,129.75
2023-10-15 12:30:00,31.5625,126.25
2023-10-15 12:45:00,31.125,124.5
2023-10-15 13:00:00,32.25,129.0
2023-10-15 13:15:00,20.9375,83.75
2023-10-15 13:30:00,20.125,80.5
2023-10-15 13:45:00,19.375,77.5
2023-10-15 14:00:00,19.125,76.5
2023-10-15 14:15:00,19.6875,78.75
2023-10-15 14:30:00,19.625,78.5
2023-10-15 14:45:00,21.5,86.0
2023-10-15 15:00:00,19.625,78.5
2023-10-15 15:15:00,19.25,77.0
2023-10-15 15:30:00,19.3125,77.25
2023-10-15 15:45:00,19.375,77.5
2023-10-15 16:00:00,19.5,78.0
2023-10-15 16:15:00,19.25,77.0
2023-10-15 16:30:00,19.1875,76.75
2023-10-15 16:45:00,19.25,77.0
2023-10-15 17:00:00,20.0,80.0
2023-10-15 17:15:00,20.75,83.0
2023-10-15 17:30:00,19.9375,79.75
2023-10-15 17:45:00,19.375,77.5
2023-10-15 18:00:00,19.3125,77.25
2023-10-15 18:15:00,20.1875,80.75
2023-10-15 18:30:00,19.5625,78.25
2023-10-15 18:45:00,19.375,77.5
2023-10-15 19:00:00,19.6875,78.75
2023-10-15 19:15:00,19.8125,79.25
2023-10-15 19:30:00,20.5625,82.25
2023-10-15 19:45:00,20.0625,80.25
2023-10-15 20:00:00,21.125,84.5
2023-10-15 20:15:00,20.0625,80.25
2023-10-15 20:30:00,19.8125,79.25
2023-10-15 20:45:00,20.3125,81.25
2023-10-15 21:00:00,19.75,79.0
2023-10-15 21:15:00,19.5625,78.25
2023-10-15 21:30:00,19.5,78.0
2023-10-15 21:45:00,19.6875,78.75
2023-10-15 22:00:00,20.3125,81.25
2023-10-15 22:15:00,19.5625,78.25
2023-10-15 22:30:00,19.75,79.0
2023-10-15 22:45:00,20.75,83.0
2023-10-15 23:00:00,20.0,80.0
2023-10-15 23:15:00,20.125,80.5
2023-10-15 23:30:00,19.5,78.0
2023-10-15 23:45:00,19.4375,77.75
2023-10-16 00:00:00,19.375,77.5
2023-10-16 00:15:00,19.8125,79.25
2023-10-16 00:30:00,19.6875,78.75
2023-10-16 00:45:00,19.3125,77.25
2023-10-16 01:00:00,19.5,78.0
2023-10-16 01:15:00,19.375,77.5
2023-10-16 01:30:00,20.9375,83.75
2023-10-16 01:45:00,19.875,79.5
2023-10-16 02:00:00,19.1875,76.75
2023-10-16 02:15:00,19.375,77.5
2023-10-16 02:30:00,20.0,80.0
2023-10-16 02:45:00,19.625,78.5
2023-10-16 03:00:00,19.3125,77.25
2023-10-16 03:15:00,19.375,77.5
2023-10-16 03:30:00,19.25,77.0
2023-10-16 03:45:00,20.0,80.0
2023-10-16 04:00:00,19.6875,78.75
2023-10-16 04:15:00,19.8125,79.25
2023-10-16 04:30:00,20.125,80.5
2023-10-16 04:45:00,20.1875,80.75
2023-10-16 05:00:00,20.75,83.0
2023-10-16 05:15:00,21.375,85.5
2023-10-16 05:30:00,20.4375,81.75
2023-10-16 05:45:00,19.75,79.0
2023-10-16 06:00:00,20.1875,80.75
2023-10-16 06:15:00,36.25,145.0
2023-10-16 06:30:00,33.9375,135.75
2023-10-16 06:45:00,32.1875,128.75
2023-10-16 07:00:00,31.375,125.5
2023-10-16 07:15:00,32.75,131.0
2023-10-16 07:30:00,33.375,133.5
2023-10-16 07:45:00,32.6875,130.75
2023-10-16 08:00:00,33.3125,133.25
2023-10-16 08:15:00,34.0625,136.25
2023-10-16 08:30:00,34.0625,136.25
2023-10-16 08:45:00,35.8125,143.25
2023-10-16 09:00:00,35.9375,143.75
2023-10-16 09:15:00,36.8125,147.25
2023-10-16 09:30:00,36.8125,147.25
2023-10-16 09:45:00,37.4375,149.75
2023-10-16 10:00:00,39.0625,156.25
2023-10-16 10:15:00,38.8125,155.25
2023-10-16 10:30:00,38.875,155.5
2023-10-16 10:45:00,40.4375,161.75
2023-10-16 11:00:00,40.4375,161.75
2023-10-16 11:15:00,39.5,158.0
2023-10-16 11:30:00,39.1875,156.75
2023-10-16 11:45:00,40.0,160.0
2023-10-16 12:00:00,40.375,161.5
2023-10-16 12:15:00,40.9375,163.75
2023-10-16 12:30:00,39.9375,159.75
2023-10-16 12:45:00,39.875,159.5
2023-10-16 13:00:00,41.1875,164.75
2023-10-16 13:15:00,40.5,162.0
2023-10-16 13:30:00,40.25,161.0
2023-10-16 13:45:00,41.375,165.5
2023-10-16 14:00:00,43.0625,172.25
2023-10-16 14:15:00,44.1875,176.75
2023-10-16 14:30:00,43.6875,174.75
2023-10-16 14:45:00,43.1875,172.75
2023-10-16 15:00:00,43.75,175.0
2023-10-16 15:15:00,42.4375,169.75
2023-10-16 15:30:00,43.375,173.5
2023-10-16 15:45:00,42.25,169.0
2023-10-16 16:00:00,42.25,169.0
2023-10-16 16:15:00,42.0,168.0
2023-10-16 16:30:00,43.0625,172.25
2023-10-16 16:45:00,41.875,167.5
2023-10-16 17:00:00,39.5,158.0
2023-10-16 17:15:00,37.5,150.0
2023-10-16 17:30:00,37.1875,148.75
2023-10-16 17:45:00,37.8125,151.25
2023-10-16 18:00:00,36.0625,144.25
2023-10-16 18:15:00,35.4375,141.75
2023-10-16 18:30:00,35.25,141.0
2023-10-16 18:45:00,34.625,138.5
2023-10-16 19:00:00,33.6875,134.75
2023-10-16 19:15:00,34.1875,136.75
2023-10-16 19:30:00,34.375,137.5
2023-10-16 19:45:00,33.875,135.5
2023-10-16 20:00:00,33.75,135.0
2023-10-16 20:15:00,34.6875,138.75
2023-10-16 20:30:00,34.75,139.0
2023-10-16 20:45:00,35.8125,143.25
2023-10-16 21:00:00,35.5625,142.25
2023-10-16 21:15:00,35.8125,143.25
2023-10-16 21:30:00,34.25,137.0
2023-10-16 21:45:00,34.25,137.0
2023-10-16 22:00:00,33.1875,132.75
2023-10-16 22:15:00,23.5625,94.25
2023-10-16 22:30:00,21.875,87.5
2023-10-16 22:45:00,21.25,85.0
2023-10-16 23:00:00,21.3125,85.25
2023-10-16 23:15:00,21.9375,87.75
2023-10-16 23:30:00,22.3125,89.25
2023-10-16 23:45:00,21.4375,85.75
2023-10-17 00:00:00,22.5625,90.25
2023-10-17 00:15:00,21.6875,86.75
2023-10-17 00:30:00,21.875,87.5
2023-10-17 00:45:00,21.125,84.5
2023-10-17 01:00:00,21.3125,85.25
2023-10-17 01:15:00,21.3125,85.25
2023-10-17 01:30:00,21.625,86.5
2023-10-17 01:45:00,21.5,86.0
2023-10-17 02:00:00,21.125,84.5
2023-10-17 02:15:00,21.1875,84.75
2023-10-17 02:30:00,21.1875,84.75
2023-10-17 02:45:00,21.6875,86.75
2023-10-17 03:00:00,21.125,84.5
2023-10-17 03:15:00,22.0625,88.25
2023-10-17 03:30:00,21.9375,87.75
2023-10-17 03:45:00,21.625,86.5
2023-10-17 04:00:00,21.5,86.0
2023-10-17 04:15:00,21.375,85.5
2023-10-17 04:30:00,21.9375,87.75
2023-10-17 04:45:00,22.1875,88.75
2023-10-17 05:00:00,22.625,90.5
2023-10-17 05:15:00,21.875,87.5
2023-10-17 05:30:00,21.875,87.5
2023-10-17 05:45:00,21.75,87.0
2023-10-17 06:00:00,22.1875,88.75
2023-10-17 06:15:00,38.25,153.0
2023-10-17 06:30:00,35.3125,141.25
2023-10-17 06:45:00,33.9375,135.75
2023-10-17 07:00:00,33.125,132.5
2023-10-17 07:15:00,35.0625,140.25
2023-10-17 07:30:00,34.6875,138.75
2023-10-17 07:45:00,34.375,137.5
2023-10-17 08:00:00,34.8125,139.25
2023-10-17 08:15:00,36.125,144.5
2023-10-17 08:30:00,38.125,152.5
2023-10-17 08:45:00,38.6875,154.75
2023-10-17 09:00:00,39.75,159.0
2023-10-17 09:15:00,39.3125,157.25
2023-10-17 09:30:00,39.9375,159.75
2023-10-17 09:45:00,40.5,162.0
2023-10-17 10:00:00,41.6875,166.75
2023-10-17 10:15:00,42.125,168.5
2023-10-17 10:30:00,43.0,172.0
2023-10-17 10:45:00,43.0625,172.25
2023-10-17 11:00:00,41.375,165.5
2023-10-17 11:15:00,42.5,170.0
2023-10-17 11:30:00,42.3125,169.25
2023-10-17 11:45:00,41.875,167.5
2023-10-17 12:00:00,43.625,174.5
2023-10-17 12:15:00,43.4375,173.75
2023-10-17 12:30:00,42.3125,169.25
2023-10-17 12:45:00,43.4375,173.75
2023-10-17 13:00:00,43.5625,174.25
2023-10-17 13:15:00,44.25,177.0
2023-10-17 13:30:00,43.375,173.5
2023-10-17 13:45:00,43.3125,173.25
2023-10-17 14:00:00,44.5625,178.25
2023-10-17 14:15:00,44.0,176.0
2023-10-17 14:30:00,45.25,181.0
2023-10-17 14:45:00,45.1875,180.75
2023-10-17 15:00:00,44.3125,177.25
2023-10-17 15:15:00,44.1875,176.75
2023-10-17 15:30:00,43.25,173.0
2023-10-17 15:45:00,44.0625,176.25
2023-10-17 16:00:00,44.8125,179.25
2023-10-17 16:15:00,43.0625,172.25
2023-10-17 16:30:00,42.75,171.0
2023-10-17 16:45:00,41.875,167.5
2023-10-17 17:00:00,40.25,161.0
2023-10-17 17:15:00,38.8125,155.25
2023-10-17 17:30:00,38.5625,154.25
2023-10-17 17:45:00,38.0,152.0
2023-10-17 18:00:00,36.8125,147.25
2023-10-17 18:15:00,36.125,144.5
2023-10-17 18:30:00,36.5,146.0
2023-10-17 18:45:00,36.8125,147.25
2023-10-17 19:00:00,34.6875,138.75
2023-10-17 19:15:00,34.4375,137.75
2023-10-17 19:30:00,34.625,138.5
2023-10-17 19:45:00,33.9375,135.75
2023-10-17 20:00:00,33.5,134.0
2023-10-17 20:15:00,33.625,134.5
2023-10-17 20:30:00,35.75,143.0
2023-10-17 20:45:00,34.75,139.0
2023-10-17 21:00:00,33.625,134.5
2023-10-17 21:15:00,33.25,133.0
2023-10-17 21:30:00,33.6875,134.75
2023-10-17 21:45:00,33.8125,135.25
2023-10-17 22:00:00,32.9375,131.75
2023-10-17 22:15:00,24.1875,96.75
2023-10-17 22:30:00,23.9375,95.75
2023-10-17 22:45:00,23.0,92.0
2023-10-17 23:00:00,22.3125,89.25
2023-10-17 23:15:00,22.0625,88.25
2023-10-17 23:30:00,22.0625,88.25
2023-10-17 23:45:00,22.5,90.0
2023-10-18 00:00:00,22.125,88.5
2023-10-18 00:15:00,21.625,86.5
2023-10-18 00:30:00,21.6875,86.75
2023-10-18 00:45:00,22.125,88.5
2023-10-18 01:00:00,21.9375,87.75
2023-10-18 01:15:00,22.4375,89.75
2023-10-18 01:30:00,22.0625,88.25
2023-10-18 01:45:00,21.4375,85.75
2023-10-18 02:00:00,21.8125,87.25
2023-10-18 02:15:00,21.6875,86.75
2023-10-18 02:30:00,21.375,85.5
2023-10-18 02:45:00,21.375,85.5
2023-10-18 03:00:00,21.4375,85.75
2023-10-18 03:15:00,22.1875,88.75
2023-10-18 03:30:00,21.3125,85.25
2023-10-18 03:45:00,21.5,86.0
2023-10-18 04:00:00,21.4375,85.75
2023-10-18 04:15:00,22.3125,89.25
2023-10-18 04:30:00,23.5625,94.25
2023-10-18 04:45:00,21.375,85.5
2023-10-18 05:00:00,21.875,87.5
2023-10-18 05:15:00,21.75,87.0
2023-10-18 05:30:00,21.4375,85.75
2023-10-18 05:45:00,22.4375,89.75
2023-10-18 06:00:00,22.0625,88.25
2023-10-18 06:15:00,37.5625,150.25
2023-10-18 06:30:00,36.5625,146.25
2023-10-18 06:45:00,34.75,139.0
2023-10-18 07:00:00,33.875,135.5
2023-10-18 07:15:00,34.75,139.0
2023-10-18 07:30:00,34.9375,139.75
2023-10-18 07:45:00,34.5625,138.25
2023-10-18 08:00:00,35.3125,141.25
2023-10-18 08:15:00,36.3125,145.25
2023-10-18 08:30:00,36.625,146.5
2023-10-18 08:45:00,37.9375,151.75
2023-10-18 09:00:00,38.8125,155.25
2023-10-18 09:15:00,40.1875,160.75
2023-10-18 09:30:00,40.5,162.0
2023-10-18 09:45:00,41.3125,165.25
2023-10-18 10:00:00,41.3125,165.25
2023-10-18 10:15:00,42.625,170.5
2023-10-18 10:30:00,43.625,174.5
2023-10-18 10:45:00,44.5625,178.25
2023-10-18 11:00:00,43.8125,175.25
2023-10-18 11:15:00,43.75,175.0
2023-10-18 11:30:00,43.75,175.0
2023-10-18 11:45:00,44.375,177.5
2023-10-18 12:00:00,43.5625,174.25
2023-10-18 12:15:00,43.625,174.5
2023-10-18 12:30:00,44.0625,176.25
2023-10-18 12:45:00,43.75,175.0
2023-10-18 13:00:00,44.6875,178.75
2023-10-18 13:15:00,44.25,177.0
2023-10-18 13:30:00,43.4375,173.75
2023-10-18 13:45:00,42.9375,171.75
2023-10-18 14:00:00,43.25,173.0
2023-10-18 14:15:00,45.8125,183.25
2023-10-18 14:30:00,44.8125,179.25
2023-10-18 14:45:00,43.8125,175.25
2023-10-18 15:00:00,43.8125,175.25
2023-10-18 15:15:00,45.375,181.5
2023-10-18 15:30:00,43.1875,172.75
2023-10-18 15:45:00,42.375,169.5
2023-10-18 16:00:00,42.9375,171.75
2023-10-18 16:15:00,43.9375,175.75
2023-10-18 16:30:00,43.5,174.0
2023-10-18 16:45:00,41.4375,165.75
2023-10-18 17:00:00,40.625,162.5
2023-10-18 17:15:00,39.875,159.5
2023-10-18 17:30:00,38.1875,152.75
2023-10-18 17:45:00,37.375,149.5
2023-10-18 18:00:00,37.5,150.0
2023-10-18 18:15:00,38.25,153.0
2023-10-18 18:30:00,36.3125,145.25
2023-10-18 18:45:00,35.6875,142.75
2023-10-18 19:00:00,35.9375,143.75
2023-10-18 19:15:00,36.3125,145.25
2023-10-18 19:30:00,35.75,143.0
2023-10-18 19:45:00,35.0,140.0
2023-10-18 20:00:00,34.6875,138.75
2023-10-18 20:15:00,35.0,140.0
2023-10-18 20:30:00,35.125,140.5
2023-10-18 20:45:00,34.25,137.0
2023-10-18 21:00:00,33.875,135.5
2023-10-18 21:15:00,33.9375,135.75
2023-10-18 21:30:00,33.5625,134.25
2023-10-18 21:45:00,33.0625,132.25
2023-10-18 22:00:00,32.875,131.5
2023-10-18 22:15:00,23.625,94.5
2023-10-18 22:30:00,23.4375,93.75
2023-10-18 22:45:00,22.9375,91.75
2023-10-18 23:00:00,22.0,88.0
2023-10-18 23:15:00,22.0,88.0
2023-10-18 23:30:00,22.3125,89.25
2023-10-18 23:45:00,22.375,89.5
2023-10-19 00:00:00,22.125,88.5
2023-10-19 00:15:00,22.75,91.0
2023-10-19 00:30:00,22.9375,91.75
2023-10-19 00:45:00,23.1875,92.75
2023-10-19 01:00:00,22.1875,88.75
2023-10-19 01:15:00,21.75,87.0
2023-10-19 01:30:00,21.6875,86.75
2023-10-19 01:45:00,22.1875,88.75
2023-10-19 02:00:00,21.6875,86.75
2023-10-19 02:15:00,22.75,91.0
2023-10-19 02:30:00,22.4375,89.75
2023-10-19 02:45:00,21.75,87.0
2023-10-19 03:00:00,22.3125,89.25
2023-10-19 03:15:00,21.5625,86.25
2023-10-19 03:30:00,21.5,86.0
2023-10-19 03:45:00,21.6875,86.75
2023-10-19 04:00:00,22.0,88.0
2023-10-19 04:15:00,22.375,89.5
2023-10-19 04:30:00,22.125,88.5
2023-10-19 04:45:00,22.3125,89.25
2023-10-19 05:00:00,22.3125,89.25
2023-10-19 05:15:00,22.75,91.0
2023-10-19 05:30:00,22.0,88.0
2023-10-19 05:45:00,21.75,87.0
2023-10-19 06:00:00,22.875,91.5
2023-10-19 06:15:00,37.875,151.5
2023-10-19 06:30:00,35.8125,143.25
2023-10-19 06:45:00,33.625,134.5
2023-10-19 07:00:00,33.5625,134.25
2023-10-19 07:15:00,35.3125,141.25
2023-10-19 07:30:00,35.25,141.0
2023-10-19 07:45:00,35.375,141.5
2023-10-19 08:00:00,35.9375,143.75
2023-10-19 08:15:00,36.8125,147.25
2023-10-19 08:30:00,37.5,150.0
2023-10-19 08:45:00,38.625,154.5
2023-10-19 09:00:00,39.125,156.5
2023-10-19 09:15:00,40.125,160.5
2023-10-19 09:30:00,40.0,160.0
2023-10-19 09:45:00,40.75,163.0
2023-10-19 10:00:00,41.5,166.0
2023-10-19 10:15:00,40.8125,163.25
2023-10-19 10:30:00,41.4375,165.75
2023-10-19 10:45:00,42.6875,170.75
2023-10-19 11:00:00,41.6875,166.75
2023-10-19 11:15:00,41.1875,164.75
2023-10-19 11:30:00,41.3125,165.25
2023-10-19 11:45:00,40.6875,162.75
2023-10-19 12:00:00,42.5,170.0
2023-10-19 12:15:00,42.0,168.0
2023-10-19 12:30:00,41.9375,167.75
2023-10-19 12:45:00,42.625,170.5
2023-10-19 13:00:00,43.375,173.5
2023-10-19 13:15:00,44.25,177.0
2023-10-19 13:30:00,43.1875,172.75
2023-10-19 13:45:00,43.8125,175.25
2023-10-19 14:00:00,42.6875,170.75
2023-10-19 14:15:00,44.25,177.0
2023-10-19 14:30:00,44.75,179.0
2023-10-19 14:45:00,43.6875,174.75
2023-10-19 15:00:00,43.125,172.5
2023-10-19 15:15:00,43.6875,174.75
2023-10-19 15:30:00,45.0,180.0
2023-10-19 15:45:00,41.875,167.5
2023-10-19 16:00:00,41.125,164.5
2023-10-19 16:15:00,41.9375,167.75
2023-10-19 16:30:00,40.5625,162.25
2023-10-19 16:45:00,40.375,161.5
2023-10-19 17:00:00,40.125,160.5
2023-10-19 17:15:00,40.6875,162.75
2023-10-19 17:30:00,38.8125,155.25
2023-10-19 17:45:00,38.375,153.5
2023-10-19 18:00:00,38.3125,153.25
2023-10-19 18:15:00,38.4375,153.75
2023-10-19 18:30:00,36.875,147.5
2023-10-19 18:45:00,36.9375,147.75
2023-10-19 19:00:00,36.375,145.5
2023-10-19 19:15:00,36.75,147.0
2023-10-19 19:30:00,36.5,146.0
2023-10-19 19:45:00,36.75,147.0
2023-10-19 20:00:00,35.625,142.5
2023-10-19 20:15:00,36.1875,144.75
2023-10-19 20:30:00,36.1875,144.75
2023-10-19 20:45:00,35.625,142.5
2023-10-19 21:00:00,35.4375,141.75
2023-10-19 21:15:00,35.875,143.5
2023-10-19 21:30:00,34.625,138.5
2023-10-19 21:45:00,33.9375,135.75
2023-10-19 22:00:00,33.5,134.0
2023-10-19 22:15:00,24.3125,97.25
2023-10-19 22:30:00,23.6875,94.75
2023-10-19 22:45:00,21.375,85.5
2023-10-19 23:00:00,21.5,86.0
2023-10-19 23:15:00,21.5,86.0
2023-10-19 23:30:00,21.5,86.0
2023-10-19 23:45:00,20.875,83.5
2023-10-20 00:00:00,20.9375,83.75
2023-10-20 00:15:00,21.375,85.5
2023-10-20 00:30:00,21.75,87.0
2023-10-20 00:45:00,21.1875,84.75
2023-10-20 01:00:00,21.6875,86.75
2023-10-20 01:15:00,22.125,88.5
2023-10-20 01:30:00,21.5625,86.25
2023-10-20 01:45:00,21.25,85.0
2023-10-20 02:00:00,21.125,84.5
2023-10-20 02:15:00,21.1875,84.75
2023-10-20 02:30:00,21.4375,85.75
2023-10-20 02:45:00,21.4375,85.75
2023-10-20 03:00:00,20.9375,83.75
2023-10-20 03:15:00,21.0,84.0
2023-10-20 03:30:00,21.125,84.5
2023-10-20 03:45:00,22.0,88.0
2023-10-20 04:00:00,21.5,86.0
2023-10-20 04:15:00,22.375,89.5
2023-10-20 04:30:00,21.25,85.0
2023-10-20 04:45:00,21.625,86.5
2023-10-20 05:00:00,22.125,88.5
2023-10-20 05:15:00,21.625,86.5
2023-10-20 05:30:00,21.4375,85.75
2023-10-20 05:45:00,21.375,85.5
2023-10-20 06:00:00,21.75,87.0
2023-10-20 06:15:00,36.125,144.5
2023-10-20 06:30:00,33.75,135.0
2023-10-20 06:45:00,33.3125,133.25
2023-10-20 07:00:00,33.1875,132.75
2023-10-20 07:15:00,34.125,136.5
2023-10-20 07:30:00,33.3125,133.25
2023-10-20 07:45:00,32.625,130.5
2023-10-20 08:00:00,33.4375,133.75
2023-10-20 08:15:00,34.1875,136.75
2023-10-20 08:30:00,35.25,141.0
2023-10-20 08:45:00,36.375,145.5
2023-10-20 09:00:00,36.25,145.0
2023-10-20 09:15:00,38.1875,152.75
2023-10-20 09:30:00,40.875,163.5
2023-10-20 09:45:00,40.4375,161.75
2023-10-20 10:00:00,42.0625,168.25
2023-10-20 10:15:00,42.375,169.5
2023-10-20 10:30:00,39.9375,159.75
2023-10-20 10:45:00,39.6875,158.75
2023-10-20 11:00:00,40.125,160.5
2023-10-20 11:15:00,40.5625,162.25
2023-10-20 11:30:00,41.3125,165.25
2023-10-20 11:45:00,43.3125,173.25
2023-10-20 12:00:00,43.625,174.5
2023-10-20 12:15:00,43.375,173.5
2023-10-20 12:30:00,44.0,176.0
2023-10-20 12:45:00,43.25,173.0
2023-10-20 13:00:00,42.625,170.5
2023-10-20 13:15:00,39.75,159.0
2023-10-20 13:30:00,39.3125,157.25
2023-10-20 13:45:00,38.5,154.0
2023-10-20 14:00:00,37.9375,151.75
2023-10-20 14:15:00,37.9375,151.75
2023-10-20 14:30:00,38.875,155.5
2023-10-20 14:45:00,38.25,153.0
2023-10-20 15:00:00,37.5,150.0
2023-10-20 15:15:00,37.625,150.5
2023-10-20 15:30:00,37.75,151.0
2023-10-20 15:45:00,37.375,149.5
2023-10-20 16:00:00,36.875,147.5
2023-10-20 16:15:00,36.4375,145.75
2023-10-20 16:30:00,36.5625,146.25
2023-10-20 16:45:00,36.0625,144.25
2023-10-20 17:00:00,35.0,140.0
2023-10-20 17:15:00,33.9375,135.75
2023-10-20 17:30:00,33.625,134.5
2023-10-20 17:45:00,33.75,135.0
2023-10-20 18:00:00,33.1875,132.75
2023-10-20 18:15:00,32.75,131.0
2023-10-20 18:30:00,32.3125,129.25
2023-10-20 18:45:00,32.625,130.5
2023-10-20 19:00:00,32.4375,129.75
2023-10-20 19:15:00,32.25,129.0
2023-10-20 19:30:00,31.875,127.5
2023-10-20 19:45:00,32.0625,128.25
2023-10-20 20:00:00,32.75,131.0
2023-10-20 20:15:00,32.0625,128.25
2023-10-20 20:30:00,32.25,129.0
2023-10-20 20:45:00,32.5625,130.25
2023-10-20 21:00:00,32.875,131.5
2023-10-20 21:15:00,32.75,131.0
2023-10-20 21:30:00,32.3125,129.25
2023-10-20 21:45:00,32.375,129.5
2023-10-20 22:00:00,32.625,130.5
2023-10-20 22:15:00,23.5625,94.25
2023-10-20 22:30:00,21.9375,87.75
2023-10-20 22:45:00,21.625,86.5
2023-10-20 23:00:00,21.5625,86.25
2023-10-20 23:15:00,22.4375,89.75
2023-10-20 23:30:00,21.75,87.0
2023-10-20 23:45:00,21.375,85.5
2023-10-21 00:00:00,21.5625,86.25
2023-10-21 00:15:00,21.5,86.0
2023-10-21 00:30:00,22.1875,88.75
2023-10-21 00:45:00,21.0,84.0
2023-10-21 01:00:00,20.9375,83.75
2023-10-21 01:15:00,21.0625,84.25
2023-10-21 01:30:00,21.1875,84.75
2023-10-21 01:45:00,21.5,86.0
2023-10-21 02:00:00,20.9375,83.75
2023-10-21 02:15:00,20.9375,83.75
2023-10-21 02:30:00,20.9375,83.75
2023-10-21 02:45:00,21.625,86.5
2023-10-21 03:00:00,21.3125,85.25
2023-10-21 03:15:00,20.9375,83.75
2023-10-21 03:30:00,21.0,84.0
2023-10-21 03:45:00,21.0625,84.25
2023-10-21 04:00:00,21.6875,86.75
2023-10-21 04:15:00,20.9375,83.75
2023-10-21 04:30:00,21.0,84.0
2023-10-21 04:45:00,21.125,84.5
2023-10-21 05:00:00,21.375,85.5
2023-10-21 05:15:00,21.25,85.0
2023-10-21 05:30:00,20.875,83.5
2023-10-21 05:45:00,20.875,83.5
2023-10-21 06:00:00,21.0,84.0
2023-10-21 06:15:00,23.375,93.5
2023-10-21 06:30:00,22.3125,89.25
2023-10-21 06:45:00,21.8125,87.25
2023-10-21 07:00:00,21.8125,87.25
2023-10-21 07:15:00,21.5625,86.25
2023-10-21 07:30:00,22.375,89.5
2023-10-21 07:45:00,21.625,86.5
2023-10-21 08:00:00,21.8125,87.25
2023-10-21 08:15:00,21.9375,87.75
2023-10-21 08:30:00,22.25,89.0
2023-10-21 08:45:00,22.25,89.0
2023-10-21 09:00:00,22.0625,88.25
2023-10-21 09:15:00,37.3125,149.25
2023-10-21 09:30:00,34.9375,139.75
2023-10-21 09:45:00,34.375,137.5
2023-10-21 10:00:00,34.0625,136.25
2023-10-21 10:15:00,33.5625,134.25
2023-10-21 10:30:00,33.125,132.5
2023-10-21 10:45:00,33.6875,134.75
2023-10-21 11:00:00,33.8125,135.25
2023-10-21 11:15:00,33.1875,132.75
2023-10-21 11:30:00,33.9375,135.75
2023-10-21 11:45:00,33.625,134.5
2023-10-21 12:00:00,33.0625,132.25
2023-10-21 12:15:00,33.4375,133.75
2023-10-21 12:30:00,34.125,136.5
2023-10-21 12:45:00,33.5625,134.25
2023-10-21 13:00:00,33.125,132.5
2023-10-21 13:15:00,24.375,97.5
2023-10-21 13:30:00,22.5625,90.25
2023-10-21 13:45:00,22.375,89.5
2023-10-21 14:00:00,22.25,89.0
2023-10-21 14:15:00,23.1875,92.75
2023-10-21 14:30:00,22.25,89.0
2023-10-21 14:45:00,22.1875,88.75
2023-10-21 15:00:00,22.125,88.5
2023-10-21 15:15:00,22.5,90.0
2023-10-21 15:30:00,22.25,89.0
2023-10-21 15:45:00,21.625,86.5
2023-10-21 16:00:00,21.9375,87.75
2023-10-21 16:15:00,22.9375,91.75
2023-10-21 16:30:00,22.375,89.5
2023-10-21 16:45:00,21.375,85.5
2023-10-21 17:00:00,21.375,85.5
2023-10-21 17:15:00,21.125,84.5
2023-10-21 17:30:00,21.5,86.0
2023-10-21 17:45:00,22.0,88.0
2023-10-21 18:00:00,21.375,85.5
2023-10-21 18:15:00,21.5,86.0
2023-10-21 18:30:00,21.5,86.0
2023-10-21 18:45:00,21.8125,87.25
2023-10-21 19:00:00,21.625,86.5
2023-10-21 19:15:00,21.375,85.5
2023-10-21 19:30:00,21.5,86.0
2023-10-21 19:45:00,21.5625,86.25
2023-10-21 20:00:00,22.125,88.5
2023-10-21 20:15:00,21.6875,86.75
2023-10-21 20:30:00,21.5,86.0
2023-10-21 20:45:00,21.5,86.0
2023-10-21 21:00:00,22.1875,88.75
2023-10-21 21:15:00,23.1875,92.75
2023-10-21 21:30:00,21.75,87.0
2023-10-21 21:45:00,21.625,86.5
2023-10-21 22:00:00,21.625,86.5
2023-10-21 22:15:00,20.8125,83.25
2023-10-21 22:30:00,21.6875,86.75
2023-10-21 22:45:00,20.8125,83.25
2023-10-21 23:00:00,20.6875,82.75
2023-10-21 23:15:00,20.75,83.0
2023-10-21 23:30:00,20.75,83.0
2023-10-21 23:45:00,21.3125,85.25
2023-10-22 00:00:00,20.5625,82.25
2023-10-22 00:15:00,20.6875,82.75
2023-10-22 00:30:00,20.625,82.5
2023-10-22 00:45:00,20.75,83.0
2023-10-22 01:00:00,21.1875,84.75
2023-10-22 01:15:00,20.625,82.5
2023-10-22 01:30:00,20.5625,82.25
2023-10-22 01:45:00,20.5625,82.25
2023-10-22 02:00:00,20.8125,83.25
2023-10-22 02:15:00,21.3125,85.25
2023-10-22 02:30:00,21.5625,86.25
2023-10-22 02:45:00,21.6875,86.75
2023-10-22 03:00:00,20.75,83.0
2023-10-22 03:15:00,21.0625,84.25
2023-10-22 03:30:00,21.0625,84.25
2023-10-22 03:45:00,20.6875,82.75
2023-10-22 04:00:00,20.8125,83.25
2023-10-22 04:15:00,20.8125,83.25
2023-10-22 04:30:00,21.25,85.0
2023-10-22 04:45:00,20.8125,83.25
2023-10-22 05:00:00,20.8125,83.25
2023-10-22 05:15:00,20.875,83.5
2023-10-22 05:30:00,20.5625,82.25
2023-10-22 05:45:00,21.25,85.0
2023-10-22 06:00:00,20.75,83.0
2023-10-22 06:15:00,20.625,82.5
2023-10-22 06:30:00,20.4375,81.75
2023-10-22 06:45:00,20.625,82.5
2023-10-22 07:00:00,21.1875,84.75
2023-10-22 07:15:00,20.4375,81.75
2023-10-22 07:30:00,20.5,82.0
2023-10-22 07:45:00,20.625,82.5
2023-10-22 08:00:00,22.0625,88.25
2023-10-22 08:15:00,21.25,85.0
2023-10-22 08:30:00,20.5,82.0
2023-10-22 08:45:00,20.5,82.0
2023-10-22 09:00:00,20.5625,82.25
2023-10-22 09:15:00,38.0625,152.25
2023-10-22 09:30:00,36.5,146.0
2023-10-22 09:45:00,33.9375,135.75
2023-10-22 10:00:00,33.5625,134.25
2023-10-22 10:15:00,33.5625,134.25
2023-10-22 10:30:00,33.4375,133.75
2023-10-22 10:45:00,33.9375,135.75
2023-10-22 11:00:00,33.0,132.0
2023-10-22 11:15:00,32.6875,130.75
2023-10-22 11:30:00,32.625,130.5
2023-10-22 11:45:00,32.75,131.0
2023-10-22 12:00:00,33.25,133.0
2023-10-22 12:15:00,32.3125,129.25
2023-10-22 12:30:00,32.5,130.0
2023-10-22 12:45:00,32.375,129.5
2023-10-22 13:00:00,32.625,130.5
2023-10-22 13:15:00,22.875,91.5
2023-10-22 13:30:00,20.9375,83.75
2023-10-22 13:45:00,20.4375,81.75
2023-10-22 14:00:00,20.5625,82.25
2023-10-22 14:15:00,21.0,84.0
2023-10-22 14:30:00,21.125,84.5
2023-10-22 14:45:00,20.3125,81.25
2023-10-22 15:00:00,20.375,81.5
2023-10-22 15:15:00,20.25,81.0
2023-10-22 15:30:00,20.8125,83.25
2023-10-22 15:45:00,20.625,82.5
2023-10-22 16:00:00,20.1875,80.75
2023-10-22 16:15:00,20.5,82.0
2023-10-22 16:30:00,20.5,82.0
2023-10-22 16:45:00,20.75,83.0
2023-10-22 17:00:00,20.8125,83.25
2023-10-22 17:15:00,20.4375,81.75
2023-10-22 17:30:00,20.5625,82.25
2023-10-22 17:45:00,20.5,82.0
2023-10-22 18:00:00,20.75,83.0
2023-10-22 18:15:00,21.0,84.0
2023-10-22 18:30:00,20.5,82.0
2023-10-22 18:45:00,20.5,82.0
2023-10-22 19:00:00,20.625,82.5
2023-10-22 19:15:00,20.9375,83.75
2023-10-22 19:30:00,21.0625,84.25
2023-10-22 19:45:00,20.75,83.0
2023-10-22 20:00:00,20.75,83.0
2023-10-22 20:15:00,20.875,83.5
2023-10-22 20:30:00,21.375,85.5
2023-10-22 20:45:00,21.4375,85.75
2023-10-22 21:00:00,21.9375,87.75
2023-10-22 21:15:00,20.75,83.0
2023-10-22 21:30:00,20.75,83.0
2023-10-22 21:45:00,20.9375,83.75
2023-10-22 22:00:00,21.125,84.5
2023-10-22 22:15:00,20.6875,82.75
2023-10-22 22:30:00,20.75,83.0
2023-10-22 22:45:00,20.6875,82.75
2023-10-22 23:00:00,21.0625,84.25
2023-10-22 23:15:00,21.1875,84.75
2023-10-22 23:30:00,20.6875,82.75
2023-10-22 23:45:00,20.6875,82.75
2023-10-23 00:00:00,20.625,82.5
2023-10-23 00:15:00,20.875,83.5
2023-10-23 00:30:00,21.3125,85.25
2023-10-23 00:45:00,20.5,82.0
2023-10-23 01:00:00,20.375,81.5
2023-10-23 01:15:00,20.5,82.0
2023-10-23 01:30:00,20.4375,81.75
2023-10-23 01:45:00,21.0,84.0
2023-10-23 02:00:00,20.4375,81.75
2023-10-23 02:15:00,20.5,82.0
2023-10-23 02:30:00,20.6875,82.75
2023-10-23 02:45:00,20.5625,82.25
2023-10-23 03:00:00,21.1875,84.75
2023-10-23 03:15:00,21.375,85.5
2023-10-23 03:30:00,21.3125,85.25
2023-10-23 03:45:00,20.625,82.5
2023-10-23 04:00:00,21.0625,84.25
2023-10-23 04:15:00,21.5625,86.25
2023-10-23 04:30:00,21.4375,85.75
2023-10-23 04:45:00,21.6875,86.75
2023-10-23 05:00:00,21.625,86.5
2023-10-23 05:15:00,21.8125,87.25
2023-10-23 05:30:00,21.75,87.0
2023-10-23 05:45:00,20.875,83.5
2023-10-23 06:00:00,20.875,83.5
2023-10-23 06:15:00,37.25,149.0
2023-10-23 06:30:00,36.9375,147.75
2023-10-23 06:45:00,35.375,141.5
2023-10-23 07:00:00,33.9375,135.75
2023-10-23 07:15:00,34.5,138.0
2023-10-23 07:30:00,34.1875,136.75
2023-10-23 07:45:00,34.3125,137.25
2023-10-23 08:00:00,35.9375,143.75
2023-10-23 08:15:00,36.0625,144.25
2023-10-23 08:30:00,36.5625,146.25
2023-10-23 08:45:00,36.5,146.0
2023-10-23 09:00:00,37.1875,148.75
2023-10-23 09:15:00,38.875,155.5
2023-10-23 09:30:00,39.5625,158.25
2023-10-23 09:45:00,40.375,161.5
2023-10-23 10:00:00,40.9375,163.75
2023-10-23 10:15:00,41.75,167.0
2023-10-23 10:30:00,41.4375,165.75
2023-10-23 10:45:00,41.375,165.5
2023-10-23 11:00:00,41.3125,165.25
2023-10-23 11:15:00,42.0625,168.25
2023-10-23 11:30:00,44.25,177.0
2023-10-23 11:45:00,44.1875,176.75
2023-10-23 12:00:00,44.125,176.5
2023-10-23 12:15:00,43.8125,175.25
2023-10-23 12:30:00,44.8125,179.25
2023-10-23 12:45:00,45.0,180.0
2023-10-23 13:00:00,44.5625,178.25
2023-10-23 13:15:00,44.625,178.5
2023-10-23 13:30:00,42.125,168.5
2023-10-23 13:45:00,42.1875,168.75
2023-10-23 14:00:00,43.25,173.0
2023-10-23 14:15:00,44.5,178.0
2023-10-23 14:30:00,44.4375,177.75
2023-10-23 14:45:00,43.3125,173.25
2023-10-23 15:00:00,43.375,173.5
2023-10-23 15:15:00,44.0,176.0
2023-10-23 15:30:00,43.0625,172.25
2023-10-23 15:45:00,42.875,171.5
2023-10-23 16:00:00,42.8125,171.25
2023-10-23 16:15:00,43.375,173.5
2023-10-23 16:30:00,41.8125,167.25
2023-10-23 16:45:00,40.25,161.0
2023-10-23 17:00:00,39.8125,159.25
2023-10-23 17:15:00,39.5625,158.25
2023-10-23 17:30:00,38.0,152.0
2023-10-23 17:45:00,36.5625,146.25
2023-10-23 18:00:00,36.375,145.5
2023-10-23 18:15:00,35.9375,143.75
2023-10-23 18:30:00,34.8125,139.25
2023-10-23 18:45:00,34.0,136.0
2023-10-23 19:00:00,34.6875,138.75
2023-10-23 19:15:00,35.25,141.0
2023-10-23 19:30:00,34.6875,138.75
2023-10-23 19:45:00,34.875,139.5
2023-10-23 20:00:00,34.6875,138.75
2023-10-23 20:15:00,35.9375,143.75
2023-10-23 20:30:00,35.9375,143.75
2023-10-23 20:45:00,35.5625,142.25
2023-10-23 21:00:00,35.625,142.5
2023-10-23 21:15:00,36.375,145.5
2023-10-23 21:30:00,35.6875,142.75
2023-10-23 21:45:00,34.8125,139.25
2023-10-23 22:00:00,34.4375,137.75
2023-10-23 22:15:00,24.1875,96.75
2023-10-23 22:30:00,22.75,91.0
2023-10-23 22:45:00,21.8125,87.25
2023-10-23 23:00:00,21.625,86.5
2023-10-23 23:15:00,21.4375,85.75
2023-10-23 23:30:00,22.1875,88.75
2023-10-23 23:45:00,21.5625,86.25
2023-10-24 00:00:00,21.375,85.5
2023-10-24 00:15:00,21.25,85.0
2023-10-24 00:30:00,22.25,89.0
2023-10-24 00:45:00,21.375,85.5
2023-10-24 01:00:00,21.375,85.5
2023-10-24 01:15:00,21.25,85.0
2023-10-24 01:30:00,21.625,86.5
2023-10-24 01:45:00,21.25,85.0
2023-10-24 02:00:00,21.125,84.5
2023-10-24 02:15:00,21.1875,84.75
2023-10-24 02:30:00,21.375,85.5
2023-10-24 02:45:00,21.5625,86.25
2023-10-24 03:00:00,21.25,85.0
2023-10-24 03:15:00,21.125,84.5
2023-10-24 03:30:00,21.125,84.5
2023-10-24 03:45:00,21.8125,87.25
2023-10-24 04:00:00,21.5,86.0
2023-10-24 04:15:00,21.375,85.5
2023-10-24 04:30:00,21.9375,87.75
2023-10-24 04:45:00,22.0,88.0
2023-10-24 05:00:00,22.4375,89.75
2023-10-24 05:15:00,21.6875,86.75
2023-10-24 05:30:00,21.6875,86.75
2023-10-24 05:45:00,21.875,87.5
2023-10-24 06:00:00,22.4375,89.75
2023-10-24 06:15:00,36.75,147.0
2023-10-24 06:30:00,35.375,141.5
2023-10-24 06:45:00,34.25,137.0
2023-10-24 07:00:00,34.375,137.5
2023-10-24 07:15:00,35.5625,142.25
2023-10-24 07:30:00,35.1875,140.75
2023-10-24 07:45:00,34.875,139.5
2023-10-24 08:00:00,36.0625,144.25
2023-10-24 08:15:00,37.625,150.5
2023-10-24 08:30:00,38.4375,153.75
2023-10-24 08:45:00,38.1875,152.75
2023-10-24 09:00:00,38.875,155.5
2023-10-24 09:15:00,40.0,160.0
2023-10-24 09:30:00,41.25,165.0
2023-10-24 09:45:00,41.25,165.0
2023-10-24 10:00:00,41.0625,164.25
2023-10-24 10:15:00,42.0,168.0
2023-10-24 10:30:00,42.625,170.5
2023-10-24 10:45:00,42.625,170.5
2023-10-24 11:00:00,42.3125,169.25
2023-10-24 11:15:00,42.6875,170.75
2023-10-24 11:30:00,44.3125,177.25
2023-10-24 11:45:00,43.3125,173.25
2023-10-24 12:00:00,43.8125,175.25
2023-10-24 12:15:00,42.5625,170.25
2023-10-24 12:30:00,44.375,177.5
2023-10-24 12:45:00,43.75,175.0
2023-10-24 13:00:00,43.0,172.0
2023-10-24 13:15:00,42.9375,171.75
2023-10-24 13:30:00,43.75,175.0
2023-10-24 13:45:00,46.4375,185.75
2023-10-24 14:00:00,45.5625,182.25
2023-10-24 14:15:00,46.5625,186.25
2023-10-24 14:30:00,45.875,183.5
2023-10-24 14:45:00,44.0,176.0
2023-10-24 15:00:00,44.3125,177.25
2023-10-24 15:15:00,43.8125,175.25
2023-10-24 15:30:00,43.75,175.0
2023-10-24 15:45:00,43.1875,172.75
2023-10-24 16:00:00,42.5,170.0
2023-10-24 16:15:00,42.75,171.0
2023-10-24 16:30:00,42.6875,170.75
2023-10-24 16:45:00,41.5,166.0
2023-10-24 17:00:00,40.4375,161.75
2023-10-24 17:15:00,38.9375,155.75
2023-10-24 17:30:00,39.0625,156.25
2023-10-24 17:45:00,38.375,153.5
2023-10-24 18:00:00,37.9375,151.75
2023-10-24 18:15:00,37.25,149.0
2023-10-24 18:30:00,37.75,151.0
2023-10-24 18:45:00,36.6875,146.75
2023-10-24 19:00:00,36.4375,145.75
2023-10-24 19:15:00,35.5625,142.25
2023-10-24 19:30:00,35.9375,143.75
2023-10-24 19:45:00,35.0625,140.25
2023-10-24 20:00:00,34.9375,139.75
2023-10-24 20:15:00,34.8125,139.25
2023-10-24 20:30:00,35.6875,142.75
2023-10-24 20:45:00,34.625,138.5
2023-10-24 21:00:00,34.125,136.5
2023-10-24 21:15:00,33.9375,135.75
2023-10-24 21:30:00,34.0625,136.25
2023-10-24 21:45:00,33.9375,135.75
2023-10-24 22:00:00,33.4375,133.75
2023-10-24 22:15:00,23.4375,93.75
2023-10-24 22:30:00,22.1875,88.75
2023-10-24 22:45:00,22.6875,90.75
2023-10-24 23:00:00,21.9375,87.75
2023-10-24 23:15:00,21.9375,87.75
2023-10-24 23:30:00,22.0,88.0
2023-10-24 23:45:00,22.375,89.5
2023-10-25 00:00:00,21.5,86.0
2023-10-25 00:15:00,21.8125,87.25
2023-10-25 00:30:00,21.75,87.0
2023-10-25 00:45:00,21.9375,87.75
2023-10-25 01:00:00,21.75,87.0
2023-10-25 01:15:00,21.4375,85.75
2023-10-25 01:30:00,21.375,85.5
2023-10-25 01:45:00,21.25,85.0
2023-10-25 02:00:00,22.0,88.0
2023-10-25 02:15:00,21.5,86.0
2023-10-25 02:30:00,21.4375,85.75
2023-10-25 02:45:00,21.4375,85.75
2023-10-25 03:00:00,21.625,86.5
2023-10-25 03:15:00,22.0,88.0
2023-10-25 03:30:00,21.4375,85.75
2023-10-25 03:45:00,21.5,86.0
2023-10-25 04:00:00,21.6875,86.75
2023-10-25 04:15:00,22.125,88.5
2023-10-25 04:30:00,22.1875,88.75
2023-10-25 04:45:00,22.3125,89.25
2023-10-25 05:00:00,22.1875,88.75
2023-10-25 05:15:00,21.6875,86.75
2023-10-25 05:30:00,22.4375,89.75
2023-10-25 05:45:00,21.1875,84.75
2023-10-25 06:00:00,21.375,85.5
2023-10-25 06:15:00,35.5,142.0
2023-10-25 06:30:00,35.3125,141.25
2023-10-25 06:45:00,35.125,140.5
2023-10-25 07:00:00,33.75,135.0
2023-10-25 07:15:00,34.75,139.0
2023-10-25 07:30:00,34.625,138.5
2023-10-25 07:45:00,35.5625,142.25
2023-10-25 08:00:00,36.8125,147.25
2023-10-25 08:15:00,37.375,149.5
2023-10-25 08:30:00,37.1875,148.75
2023-10-25 08:45:00,38.25,153.0
2023-10-25 09:00:00,39.8125,159.25
2023-10-25 09:15:00,39.9375,159.75
2023-10-25 09:30:00,40.75,163.0
2023-10-25 09:45:00,40.9375,163.75
2023-10-25 10:00:00,42.375,169.5
2023-10-25 10:15:00,42.75,171.0
2023-10-25 10:30:00,43.0,172.0
2023-10-25 10:45:00,43.75,175.0
2023-10-25 11:00:00,44.1875,176.75
2023-10-25 11:15:00,43.6875,174.75
2023-10-25 11:30:00,43.25,173.0
2023-10-25 11:45:00,44.0625,176.25
2023-10-25 12:00:00,43.3125,173.25
2023-10-25 12:15:00,43.4375,173.75
2023-10-25 12:30:00,43.1875,172.75
2023-10-25 12:45:00,43.125,172.5
2023-10-25 13:00:00,42.3125,169.25
2023-10-25 13:15:00,42.25,169.0
2023-10-25 13:30:00,42.625,170.5
2023-10-25 13:45:00,42.1875,168.75
2023-10-25 14:00:00,42.1875,168.75
2023-10-25 14:15:00,43.6875,174.75
2023-10-25 14:30:00,44.4375,177.75
2023-10-25 14:45:00,44.0,176.0
2023-10-25 15:00:00,43.375,173.5
2023-10-25 15:15:00,42.5,170.0
2023-10-25 15:30:00,42.5625,170.25
2023-10-25 15:45:00,41.6875,166.75
2023-10-25 16:00:00,41.0,164.0
2023-10-25 16:15:00,41.375,165.5
2023-10-25 16:30:00,41.25,165.0
2023-10-25 16:45:00,40.8125,163.25
2023-10-25 17:00:00,39.3125,157.25
2023-10-25 17:15:00,38.625,154.5
2023-10-25 17:30:00,37.625,150.5
2023-10-25 17:45:00,37.3125,149.25
2023-10-25 18:00:00,37.0625,148.25
2023-10-25 18:15:00,36.5,146.0
2023-10-25 18:30:00,36.1875,144.75
2023-10-25 18:45:00,36.3125,145.25
2023-10-25 19:00:00,35.6875,142.75
2023-10-25 19:15:00,35.4375,141.75
2023-10-25 19:30:00,35.375,141.5
2023-10-25 19:45:00,35.1875,140.75
2023-10-25 20:00:00,34.5,138.0
2023-10-25 20:15:00,34.5,138.0
2023-10-25 20:30:00,34.5,138.0
2023-10-25 20:45:00,34.9375,139.75
2023-10-25 21:00:00,34.1875,136.75
2023-10-25 21:15:00,34.3125,137.25
2023-10-25 21:30:00,34.5,138.0
2023-10-25 21:45:00,35.0,140.0
2023-10-25 22:00:00,34.0,136.0
2023-10-25 22:15:00,24.5625,98.25
2023-10-25 22:30:00,23.0,92.0
2023-10-25 22:45:00,23.25,93.0
2023-10-25 23:00:00,22.6875,90.75
2023-10-25 23:15:00,22.5625,90.25
2023-10-25 23:30:00,22.5625,90.25
2023-10-25 23:45:00,23.1875,92.75
2023-10-26 00:00:00,22.4375,89.75
2023-10-26 00:15:00,22.4375,89.75
2023-10-26 00:30:00,22.5,90.0
2023-10-26 00:45:00,23.0,92.0
2023-10-26 01:00:00,22.5,90.0
2023-10-26 01:15:00,22.3125,89.25
2023-10-26 01:30:00,22.25,89.0
2023-10-26 01:45:00,22.5,90.0
2023-10-26 02:00:00,23.0625,92.25
2023-10-26 02:15:00,22.25,89.0
2023-10-26 02:30:00,22.25,89.0
2023-10-26 02:45:00,22.25,89.0
2023-10-26 03:00:00,22.8125,91.25
2023-10-26 03:15:00,22.75,91.0
2023-10-26 03:30:00,22.4375,89.75
2023-10-26 03:45:00,22.5,90.0
2023-10-26 04:00:00,22.25,89.0
2023-10-26 04:15:00,23.0625,92.25
2023-10-26 04:30:00,22.5625,90.25
2023-10-26 04:45:00,22.6875,90.75
2023-10-26 05:00:00,22.0625,88.25
2023-10-26 05:15:00,22.3125,89.25
2023-10-26 05:30:00,22.4375,89.75
2023-10-26 05:45:00,22.25,89.0
2023-10-26 06:00:00,22.3125,89.25
2023-10-26 06:15:00,35.875,143.5
2023-10-26 06:30:00,35.75,143.0
2023-10-26 06:45:00,34.375,137.5
2023-10-26 07:00:00,33.875,135.5
2023-10-26 07:15:00,35.125,140.5
2023-10-26 07:30:00,35.25,141.0
2023-10-26 07:45:00,35.6875,142.75
2023-10-26 08:00:00,35.125,140.5
2023-10-26 08:15:00,36.25,145.0
2023-10-26 08:30:00,36.625,146.5
2023-10-26 08:45:00,37.4375,149.75
2023-10-26 09:00:00,37.75,151.0
2023-10-26 09:15:00,38.1875,152.75
2023-10-26 09:30:00,38.9375,155.75
2023-10-26 09:45:00,40.5625,162.25
2023-10-26 10:00:00,40.0,160.0
2023-10-26 10:15:00,39.8125,159.25
2023-10-26 10:30:00,41.125,164.5
2023-10-26 10:45:00,41.375,165.5
2023-10-26 11:00:00,39.9375,159.75
2023-10-26 11:15:00,40.3125,161.25
2023-10-26 11:30:00,40.5625,162.25
2023-10-26 11:45:00,40.625,162.5
2023-10-26 12:00:00,40.5,162.0
2023-10-26 12:15:00,41.0625,164.25
2023-10-26 12:30:00,41.8125,167.25
2023-10-26 12:45:00,42.0,168.0
2023-10-26 13:00:00,41.9375,167.75
2023-10-26 13:15:00,42.125,168.5
2023-10-26 13:30:00,42.25,169.0
2023-10-26 13:45:00,42.125,168.5
2023-10-26 14:00:00,42.8125,171.25
2023-10-26 14:15:00,42.5625,170.25
2023-10-26 14:30:00,42.3125,169.25
2023-10-26 14:45:00,42.3125,169.25
2023-10-26 15:00:00,42.5,170.0
2023-10-26 15:15:00,42.1875,168.75
2023-10-26 15:30:00,42.0625,168.25
2023-10-26 15:45:00,41.4375,165.75
2023-10-26 16:00:00,42.1875,168.75
2023-10-26 16:15:00,42.4375,169.75
2023-10-26 16:30:00,41.125,164.5
2023-10-26 16:45:00,39.375,157.5
2023-10-26 17:00:00,39.5625,158.25
2023-10-26 17:15:00,37.625,150.5
2023-10-26 17:30:00,37.3125,149.25
2023-10-26 17:45:00,37.5,150.0
2023-10-26 18:00:00,37.3125,149.25
2023-10-26 18:15:00,36.75,147.0
2023-10-26 18:30:00,35.75,143.0
2023-10-26 18:45:00,36.125,144.5
2023-10-26 19:00:00,36.0,144.0
2023-10-26 19:15:00,36.0,144.0
2023-10-26 19:30:00,35.25,141.0
2023-10-26 19:45:00,34.9375,139.75
2023-10-26 20:00:00,34.9375,139.75
2023-10-26 20:15:00,35.5625,142.25
2023-10-26 20:30:00,34.375,137.5
2023-10-26 20:45:00,33.875,135.5
2023-10-26 21:00:00,34.0,136.0
2023-10-26 21:15:00,34.1875,136.75
2023-10-26 21:30:00,35.875,143.5
2023-10-26 21:45:00,34.4375,137.75
2023-10-26 22:00:00,34.25,137.0
2023-10-26 22:15:00,24.125,96.5
2023-10-26 22:30:00,23.4375,93.75
2023-10-26 22:45:00,22.6875,90.75
2023-10-26 23:00:00,22.4375,89.75
2023-10-26 23:15:00,22.1875,88.75
2023-10-26 23:30:00,22.3125,89.25
2023-10-26 23:45:00,22.9375,91.75
2023-10-27 00:00:00,22.1875,88.75
2023-10-27 00:15:00,22.3125,89.25
2023-10-27 00:30:00,22.125,88.5
2023-10-27 00:45:00,22.5625,90.25
2023-10-27 01:00:00,22.5,90.0
2023-10-27 01:15:00,22.125,88.5
2023-10-27 01:30:00,22.0625,88.25
2023-10-27 01:45:00,22.5,90.0
2023-10-27 02:00:00,22.375,89.5
2023-10-27 02:15:00,22.1875,88.75
2023-10-27 02:30:00,22.1875,88.75
2023-10-27 02:45:00,22.375,89.5
2023-10-27 03:00:00,22.5,90.0
2023-10-27 03:15:00,22.125,88.5
2023-10-27 03:30:00,22.25,89.0
2023-10-27 03:45:00,22.8125,91.25
2023-10-27 04:00:00,22.8125,91.25
2023-10-27 04:15:00,22.1875,88.75
2023-10-27 04:30:00,22.3125,89.25
2023-10-27 04:45:00,22.4375,89.75
2023-10-27 05:00:00,23.9375,95.75
2023-10-27 05:15:00,22.6875,90.75
2023-10-27 05:30:00,21.9375,87.75
2023-10-27 05:45:00,22.0625,88.25
2023-10-27 06:00:00,22.9375,91.75
2023-10-27 06:15:00,36.5625,146.25
2023-10-27 06:30:00,34.9375,139.75
2023-10-27 06:45:00,34.375,137.5
2023-10-27 07:00:00,33.6875,134.75
2023-10-27 07:15:00,35.9375,143.75
2023-10-27 07:30:00,34.875,139.5
2023-10-27 07:45:00,34.375,137.5
2023-10-27 08:00:00,35.0,140.0
2023-10-27 08:15:00,35.8125,143.25
2023-10-27 08:30:00,35.5625,142.25
2023-10-27 08:45:00,35.5625,142.25
2023-10-27 09:00:00,35.875,143.5
2023-10-27 09:15:00,37.6875,150.75
2023-10-27 09:30:00,37.5625,150.25
2023-10-27 09:45:00,37.875,151.5
2023-10-27 10:00:00,38.4375,153.75
2023-10-27 10:15:00,40.25,161.0
2023-10-27 10:30:00,40.3125,161.25
2023-10-27 10:45:00,40.1875,160.75
2023-10-27 11:00:00,40.6875,162.75
2023-10-27 11:15:00,43.8125,175.25
2023-10-27 11:30:00,43.25,173.0
2023-10-27 11:45:00,43.375,173.5
2023-10-27 12:00:00,43.75,175.0
2023-10-27 12:15:00,45.0,180.0
2023-10-27 12:30:00,44.125,176.5
2023-10-27 12:45:00,42.9375,171.75
2023-10-27 13:00:00,42.125,168.5
2023-10-27 13:15:00,41.875,167.5
2023-10-27 13:30:00,41.1875,164.75
2023-10-27 13:45:00,40.625,162.5
2023-10-27 14:00:00,40.375,161.5
2023-10-27 14:15:00,41.5625,166.25
2023-10-27 14:30:00,40.1875,160.75
2023-10-27 14:45:00,39.8125,159.25
2023-10-27 15:00:00,40.8125,163.25
2023-10-27 15:15:00,40.25,161.0
2023-10-27 15:30:00,38.75,155.0
2023-10-27 15:45:00,36.1875,144.75
2023-10-27 16:00:00,36.5625,146.25
2023-10-27 16:15:00,37.1875,148.75
2023-10-27 16:30:00,36.375,145.5
2023-10-27 16:45:00,36.25,145.0
2023-10-27 17:00:00,36.0625,144.25
2023-10-27 17:15:00,35.3125,141.25
2023-10-27 17:30:00,34.25,137.0
2023-10-27 17:45:00,33.8125,135.25
2023-10-27 18:00:00,33.1875,132.75
2023-10-27 18:15:00,33.375,133.5
2023-10-27 18:30:00,32.8125,131.25
2023-10-27 18:45:00,32.5625,130.25
2023-10-27 19:00:00,32.625,130.5
2023-10-27 19:15:00,33.125,132.5
2023-10-27 19:30:00,32.5,130.0
2023-10-27 19:45:00,32.25,129.0
2023-10-27 20:00:00,32.125,128.5
2023-10-27 20:15:00,32.375,129.5
2023-10-27 20:30:00,32.375,129.5
2023-10-27 20:45:00,32.1875,128.75
2023-10-27 21:00:00,32.375,129.5
2023-10-27 21:15:00,32.8125,131.25
2023-10-27 21:30:00,32.1875,128.75
2023-10-27 21:45:00,32.5,130.0
2023-10-27 22:00:00,32.625,130.5
2023-10-27 22:15:00,23.375,93.5
2023-10-27 22:30:00,21.75,87.0
2023-10-27 22:45:00,21.1875,84.75
2023-10-27 23:00:00,21.4375,85.75
2023-10-27 23:15:00,21.9375,87.75
2023-10-27 23:30:00,21.3125,85.25
2023-10-27 23:45:00,21.25,85.0
2023-10-28 00:00:00,21.1875,84.75
2023-10-28 00:15:00,22.0,88.0
2023-10-28 00:30:00,21.3125,85.25
2023-10-28 00:45:00,21.0625,84.25
2023-10-28 01:00:00,20.875,83.5
2023-10-28 01:15:00,21.125,84.5
2023-10-28 01:30:00,21.25,85.0
2023-10-28 01:45:00,20.5,82.0
2023-10-28 02:00:00,20.0625,80.25
2023-10-28 02:15:00,20.3125,81.25
2023-10-28 02:30:00,21.0625,84.25
2023-10-28 02:45:00,20.3125,81.25
2023-10-28 03:00:00,20.25,81.0
2023-10-28 03:15:00,20.5,82.0
2023-10-28 03:30:00,20.75,83.0
2023-10-28 03:45:00,20.5625,82.25
2023-10-28 04:00:00,20.375,81.5
2023-10-28 04:15:00,20.4375,81.75
2023-10-28 04:30:00,20.3125,81.25
2023-10-28 04:45:00,21.125,84.5
2023-10-28 05:00:00,20.3125,81.25
2023-10-28 05:15:00,20.0625,80.25
2023-10-28 05:30:00,20.1875,80.75
2023-10-28 05:45:00,20.625,82.5
2023-10-28 06:00:00,20.375,81.5
2023-10-28 06:15:00,21.375,85.5
2023-10-28 06:30:00,21.75,87.0
2023-10-28 06:45:00,21.75,87.0
2023-10-28 07:00:00,21.375,85.5
2023-10-28 07:15:00,20.9375,83.75
2023-10-28 07:30:00,20.875,83.5
2023-10-28 07:45:00,21.125,84.5
2023-10-28 08:00:00,20.9375,83.75
2023-10-28 08:15:00,21.0,84.0
2023-10-28 08:30:00,20.875,83.5
2023-10-28 08:45:00,21.25,85.0
2023-10-28 09:00:00,21.0,84.0
2023-10-28 09:15:00,34.375,137.5
2023-10-28 09:30:00,32.5625,130.25
2023-10-28 09:45:00,32.6875,130.75
2023-10-28 10:00:00,32.3125,129.25
2023-10-28 10:15:00,31.9375,127.75
2023-10-28 10:30:00,31.875,127.5
2023-10-28 10:45:00,31.625,126.5
2023-10-28 11:00:00,32.375,129.5
2023-10-28 11:15:00,31.375,125.5
2023-10-28 11:30:00,31.625,126.5
2023-10-28 11:45:00,31.75,127.0
2023-10-28 12:00:00,31.8125,127.25
2023-10-28 12:15:00,32.0,128.0
2023-10-28 12:30:00,31.5625,126.25
2023-10-28 12:45:00,31.625,126.5
2023-10-28 13:00:00,31.5625,126.25
2023-10-28 13:15:00,22.9375,91.75
2023-10-28 13:30:00,22.125,88.5
2023-10-28 13:45:00,21.1875,84.75
2023-10-28 14:00:00,21.125,84.5
2023-10-28 14:15:00,21.375,85.5
2023-10-28 14:30:00,21.9375,87.75
2023-10-28 14:45:00,21.1875,84.75
2023-10-28 15:00:00,21.25,85.0
2023-10-28 15:15:00,21.0625,84.25
2023-10-28 15:30:00,21.5625,86.25
2023-10-28 15:45:00,21.8125,87.25
2023-10-28 16:00:00,21.5,86.0
2023-10-28 16:15:00,21.75,87.0
2023-10-28 16:30:00,21.625,86.5
2023-10-28 16:45:00,21.25,85.0
2023-10-28 17:00:00,21.1875,84.75
2023-10-28 17:15:00,21.5,86.0
2023-10-28 17:30:00,21.8125,87.25
2023-10-28 17:45:00,21.375,85.5
2023-10-28 18:00:00,21.5625,86.25
2023-10-28 18:15:00,21.75,87.0
2023-10-28 18:30:00,22.125,88.5
2023-10-28 18:45:00,21.5625,86.25
2023-10-28 19:00:00,21.375,85.5
2023-10-28 19:15:00,21.625,86.5
2023-10-28 19:30:00,22.4375,89.75
2023-10-28 19:45:00,21.4375,85.75
2023-10-28 20:00:00,21.5,86.0
2023-10-28 20:15:00,21.5625,86.25
2023-10-28 20:30:00,22.125,88.5
2023-10-28 20:45:00,21.8125,87.25
2023-10-28 21:00:00,21.5,86.0
2023-10-28 21:15:00,21.5625,86.25
2023-10-28 21:30:00,21.375,85.5
2023-10-28 21:45:00,22.1875,88.75
2023-10-28 22:00:00,21.625,86.5
2023-10-28 22:15:00,20.6875,82.75
2023-10-28 22:30:00,20.9375,83.75
2023-10-28 22:45:00,21.0625,84.25
2023-10-28 23:00:00,20.75,83.0
2023-10-28 23:15:00,20.0625,80.25
2023-10-28 23:30:00,20.25,81.0
2023-10-28 23:45:00,20.1875,80.75
2023-10-29 00:00:00,20.5625,82.25
2023-10-29 00:15:00,20.4375,81.75
2023-10-29 00:30:00,19.9375,79.75
2023-10-29 00:45:00,20.25,81.0
2023-10-29 01:00:00,20.125,80.5
2023-10-29 01:15:00,20.625,82.5
2023-10-29 01:30:00,20.25,81.0
2023-10-29 01:45:00,20.0,80.0
2023-10-29 02:00:00,20.0625,80.25
2023-10-29 02:15:00,20.3125,81.25
2023-10-29 02:30:00,20.875,83.5
2023-10-29 02:45:00,20.0625,80.25
2023-10-29 03:00:00,19.9375,79.75
2023-10-29 03:15:00,20.1875,80.75
2023-10-29 03:30:00,20.25,81.0
2023-10-29 03:45:00,20.5,82.0
2023-10-29 04:00:00,19.875,79.5
2023-10-29 04:15:00,20.125,80.5
2023-10-29 04:30:00,20.0625,80.25
2023-10-29 04:45:00,20.75,83.0
2023-10-29 05:00:00,20.3125,81.25
2023-10-29 05:15:00,20.25,81.0
2023-10-29 05:30:00,20.3125,81.25
2023-10-29 05:45:00,20.3125,81.25
2023-10-29 06:00:00,20.9375,83.75
2023-10-29 06:15:00,20.125,80.5
2023-10-29 06:30:00,20.125,80.5
2023-10-29 06:45:00,20.125,80.5
2023-10-29 07:00:00,20.4375,81.75
2023-10-29 07:15:00,20.5,82.0
2023-10-29 07:30:00,19.9375,79.75
2023-10-29 07:45:00,19.875,79.5
2023-10-29 08:00:00,19.9375,79.75
2023-10-29 08:15:00,20.9375,83.75
2023-10-29 08:30:00,20.125,80.5
2023-10-29 08:45:00,20.125,80.5
2023-10-29 09:00:00,20.125,80.5
2023-10-29 09:15:00,35.8125,143.25
2023-10-29 09:30:00,33.4375,133.75
2023-10-29 09:45:00,32.6875,130.75
2023-10-29 10:00:00,32.25,129.0
2023-10-29 10:15:00,32.3125,129.25
2023-10-29 10:30:00,32.5,130.0
2023-10-29 10:45:00,31.8125,127.25
2023-10-29 11:00:00,31.8125,127.25
2023-10-29 11:15:00,31.875,127.5
2023-10-29 11:30:00,32.3125,129.25
2023-10-29 11:45:00,31.625,126.5
2023-10-29 12:00:00,31.625,126.5
2023-10-29 12:15:00,31.6875,126.75
2023-10-29 12:30:00,32.0625,128.25
2023-10-29 12:45:00,31.875,127.5
2023-10-29 13:00:00,31.4375,125.75
2023-10-29 13:15:00,21.75,87.0
2023-10-29 13:30:00,20.5,82.0
2023-10-29 13:45:00,21.0,84.0
2023-10-29 14:00:00,20.1875,80.75
2023-10-29 14:15:00,20.25,81.0
2023-10-29 14:30:00,20.3125,81.25
2023-10-29 14:45:00,20.625,82.5
2023-10-29 15:00:00,20.6875,82.75
2023-10-29 15:15:00,20.1875,80.75
2023-10-29 15:30:00,20.25,81.0
2023-10-29 15:45:00,20.125,80.5
2023-10-29 16:00:00,20.3125,81.25
2023-10-29 16:15:00,20.0625,80.25
2023-10-29 16:30:00,19.8125,79.25
2023-10-29 16:45:00,19.875,79.5
2023-10-29 17:00:00,20.0625,80.25
2023-10-29 17:15:00,20.6875,82.75
2023-10-29 17:30:00,20.1875,80.75
2023-10-29 17:45:00,20.125,80.5
2023-10-29 18:00:00,20.0,80.0
2023-10-29 18:15:00,20.25,81.0
2023-10-29 18:30:00,20.125,80.5
2023-10-29 18:45:00,20.0625,80.25
2023-10-29 19:00:00,20.0,80.0
2023-10-29 19:15:00,20.625,82.5
2023-10-29 19:30:00,20.25,81.0
2023-10-29 19:45:00,20.0,80.0
2023-10-29 20:00:00,20.125,80.5
2023-10-29 20:15:00,20.3125,81.25
2023-10-29 20:30:00,20.75,83.0
2023-10-29 20:45:00,20.125,80.5
2023-10-29 21:00:00,20.125,80.5
2023-10-29 21:15:00,20.4375,81.75
2023-10-29 21:30:00,20.5625,82.25
2023-10-29 21:45:00,20.25,81.0
2023-10-29 22:00:00,20.125,80.5
2023-10-29 22:15:00,20.1875,80.75
2023-10-29 22:30:00,20.875,83.5
2023-10-29 22:45:00,20.0,80.0
2023-10-29 23:00:00,19.8125,79.25
2023-10-29 23:15:00,20.125,80.5
2023-10-29 23:30:00,20.625,82.5
2023-10-29 23:45:00,20.6875,82.75
2023-10-30 00:00:00,20.375,81.5
2023-10-30 00:15:00,20.375,81.5
2023-10-30 00:30:00,20.25,81.0
2023-10-30 00:45:00,20.8125,83.25
2023-10-30 01:00:00,20.25,81.0
2023-10-30 01:15:00,20.125,80.5
2023-10-30 01:30:00,19.9375,79.75
2023-10-30 01:45:00,20.1875,80.75
2023-10-30 02:00:00,20.6875,82.75
2023-10-30 02:15:00,20.1875,80.75
2023-10-30 02:30:00,20.25,81.0
2023-10-30 02:45:00,20.125,80.5
2023-10-30 03:00:00,20.6875,82.75
2023-10-30 03:15:00,20.25,81.0
2023-10-30 03:30:00,20.25,81.0
2023-10-30 03:45:00,20.3125,81.25
2023-10-30 04:00:00,21.3125,85.25
2023-10-30 04:15:00,21.0625,84.25
2023-10-30 04:30:00,21.25,85.0
2023-10-30 04:45:00,21.375,85.5
2023-10-30 05:00:00,21.0625,84.25
2023-10-30 05:15:00,20.25,81.0
2023-10-30 05:30:00,20.0,80.0
2023-10-30 05:45:00,19.625,78.5
2023-10-30 06:00:00,21.125,84.5
2023-10-30 06:15:00,34.0,136.0
2023-10-30 06:30:00,32.375,129.5
2023-10-30 06:45:00,31.9375,127.75
2023-10-30 07:00:00,32.0,128.0
2023-10-30 07:15:00,32.625,130.5
2023-10-30 07:30:00,32.1875,128.75
2023-10-30 07:45:00,32.3125,129.25
2023-10-30 08:00:00,32.9375,131.75
2023-10-30 08:15:00,34.0625,136.25
2023-10-30 08:30:00,33.6875,134.75
2023-10-30 08:45:00,34.4375,137.75
2023-10-30 09:00:00,35.375,141.5
2023-10-30 09:15:00,38.0,152.0
2023-10-30 09:30:00,38.1875,152.75
2023-10-30 09:45:00,38.1875,152.75
2023-10-30 10:00:00,38.1875,152.75
2023-10-30 10:15:00,40.0,160.0
2023-10-30 10:30:00,40.4375,161.75
2023-10-30 10:45:00,40.6875,162.75
2023-10-30 11:00:00,41.4375,165.75
2023-10-30 11:15:00,40.8125,163.25
2023-10-30 11:30:00,40.375,161.5
2023-10-30 11:45:00,40.25,161.0
2023-10-30 12:00:00,40.5,162.0
2023-10-30 12:15:00,39.875,159.5
2023-10-30 12:30:00,39.625,158.5
2023-10-30 12:45:00,38.9375,155.75
2023-10-30 13:00:00,40.5,162.0
2023-10-30 13:15:00,40.875,163.5
2023-10-30 13:30:00,40.3125,161.25
2023-10-30 13:45:00,39.875,159.5
2023-10-30 14:00:00,41.6875,166.75
2023-10-30 14:15:00,42.0,168.0
2023-10-30 14:30:00,41.625,166.5
2023-10-30 14:45:00,42.0,168.0
2023-10-30 15:00:00,42.0625,168.25
2023-10-30 15:15:00,44.25,177.0
2023-10-30 15:30:00,44.6875,178.75
2023-10-30 15:45:00,43.75,175.0
2023-10-30 16:00:00,43.5625,174.25
2023-10-30 16:15:00,43.3125,173.25
2023-10-30 16:30:00,42.9375,171.75
2023-10-30 16:45:00,38.125,152.5
2023-10-30 17:00:00,37.25,149.0
2023-10-30 17:15:00,36.5625,146.25
2023-10-30 17:30:00,36.4375,145.75
2023-10-30 17:45:00,35.5,142.0
2023-10-30 18:00:00,34.9375,139.75
2023-10-30 18:15:00,34.5625,138.25
2023-10-30 18:30:00,35.0,140.0
2023-10-30 18:45:00,34.1875,136.75
2023-10-30 19:00:00,34.0,136.0
2023-10-30 19:15:00,34.4375,137.75
2023-10-30 19:30:00,34.5625,138.25
2023-10-30 19:45:00,34.1875,136.75
2023-10-30 20:00:00,33.8125,135.25
2023-10-30 20:15:00,33.625,134.5
2023-10-30 20:30:00,33.375,133.5
2023-10-30 20:45:00,35.125,140.5
2023-10-30 21:00:00,34.4375,137.75
2023-10-30 21:15:00,34.0625,136.25
2023-10-30 21:30:00,33.75,135.0
2023-10-30 21:45:00,33.9375,135.75
2023-10-30 22:00:00,33.25,133.0
2023-10-30 22:15:00,23.3125,93.25
2023-10-30 22:30:00,21.875,87.5
2023-10-30 22:45:00,21.875,87.5
2023-10-30 23:00:00,22.5625,90.25
2023-10-30 23:15:00,21.1875,84.75
2023-10-30 23:30:00,21.0625,84.25
2023-10-30 23:45:00,21.0625,84.25
2023-10-31 00:00:00,21.5,86.0
2023-10-31 00:15:00,21.25,85.0
2023-10-31 00:30:00,21.0,84.0
2023-10-31 00:45:00,21.0625,84.25
2023-10-31 01:00:00,20.875,83.5
2023-10-31 01:15:00,21.75,87.0
2023-10-31 01:30:00,20.9375,83.75
2023-10-31 01:45:00,20.875,83.5
2023-10-31 02:00:00,20.75,83.0
2023-10-31 02:15:00,21.125,84.5
2023-10-31 02:30:00,21.0625,84.25
2023-10-31 02:45:00,20.8125,83.25
2023-10-31 03:00:00,20.75,83.0
2023-10-31 03:15:00,20.875,83.5
2023-10-31 03:30:00,21.625,86.5
2023-10-31 03:45:00,20.75,83.0
2023-10-31 04:00:00,20.8125,83.25
2023-10-31 04:15:00,20.9375,83.75
2023-10-31 04:30:00,21.5,86.0
2023-10-31 04:45:00,21.6875,86.75
2023-10-31 05:00:00,21.3125,85.25
2023-10-31 05:15:00,21.875,87.5
2023-10-31 05:30:00,21.5625,86.25
2023-10-31 05:45:00,22.6875,90.75
2023-10-31 06:00:00,22.0625,88.25
2023-10-31 06:15:00,35.75,143.0
2023-10-31 06:30:00,34.125,136.5
2023-10-31 06:45:00,33.75,135.0
2023-10-31 07:00:00,33.1875,132.75
2023-10-31 07:15:00,34.625,138.5
2023-10-31 07:30:00,34.1875,136.75
2023-10-31 07:45:00,34.4375,137.75
2023-10-31 08:00:00,35.75,143.0
2023-10-31 08:15:00,37.375,149.5
2023-10-31 08:30:00,37.3125,149.25
2023-10-31 08:45:00,37.8125,151.25
2023-10-31 09:00:00,39.0625,156.25
2023-10-31 09:15:00,39.5625,158.25
2023-10-31 09:30:00,39.4375,157.75
2023-10-31 09:45:00,40.9375,163.75
2023-10-31 10:00:00,41.1875,164.75
2023-10-31 10:15:00,41.75,167.0
2023-10-31 10:30:00,41.0,164.0
2023-10-31 10:45:00,41.0,164.0
2023-10-31 11:00:00,41.625,166.5
2023-10-31 11:15:00,42.6875,170.75
2023-10-31 11:30:00,42.125,168.5
2023-10-31 11:45:00,41.5,166.0
2023-10-31 12:00:00,42.375,169.5
2023-10-31 12:15:00,43.0625,172.25
2023-10-31 12:30:00,42.5,170.0
2023-10-31 12:45:00,42.3125,169.25
2023-10-31 13:00:00,42.3125,169.25
2023-10-31 13:15:00,42.1875,168.75
2023-10-31 13:30:00,41.4375,165.75
2023-10-31 13:45:00,41.5,166.0
2023-10-31 14:00:00,41.8125,167.25
2023-10-31 14:15:00,43.0,172.0
2023-10-31 14:30:00,42.4375,169.75
2023-10-31 14:45:00,42.125,168.5
2023-10-31 15:00:00,42.125,168.5
2023-10-31 15:15:00,42.1875,168.75
2023-10-31 15:30:00,40.9375,163.75
2023-10-31 15:45:00,40.9375,163.75
2023-10-31 16:00:00,41.1875,164.75
2023-10-31 16:15:00,40.6875,162.75
2023-10-31 16:30:00,39.625,158.5
2023-10-31 16:45:00,38.375,153.5
2023-10-31 17:00:00,37.8125,151.25
2023-10-31 17:15:00,38.0,152.0
2023-10-31 17:30:00,37.125,148.5
2023-10-31 17:45:00,36.6875,146.75
2023-10-31 18:00:00,36.5625,146.25
2023-10-31 18:15:00,36.6875,146.75
2023-10-31 18:30:00,35.9375,143.75
2023-10-31 18:45:00,35.5,142.0
2023-10-31 19:00:00,35.25,141.0
2023-10-31 19:15:00,35.5,142.0
2023-10-31 19:30:00,34.1875,136.75
2023-10-31 19:45:00,33.8125,135.25
2023-10-31 20:00:00,33.5625,134.25
2023-10-31 20:15:00,33.6875,134.75
2023-10-31 20:30:00,34.1875,136.75
2023-10-31 20:45:00,33.3125,133.25
2023-10-31 21:00:00,33.3125,133.25
2023-10-31 21:15:00,33.1875,132.75
2023-10-31 21:30:00,33.6875,134.75
2023-10-31 21:45:00,32.6875,130.75
2023-10-31 22:00:00,32.5625,130.25
2023-10-31 22:15:00,23.25,93.0
2023-10-31 22:30:00,22.6875,90.75
2023-10-31 22:45:00,21.8125,87.25
2023-10-31 23:00:00,21.75,87.0
2023-10-31 23:15:00,21.4375,85.75
2023-10-31 23:30:00,21.9375,87.75
2023-10-31 23:45:00,22.0625,88.25
2023-11-01 00:00:00,21.4375,85.75
2023-11-01 00:15:00,21.4375,85.75
